
        *********************************************************************
        *                                                                   *
        *                       POAST II:                                   *
        *              PYTHON OIL APPLIED SIMULATION TOOL                    *
        *                      (RELEASE 0.0)                                *
        *                                                                   *
        *                                                                   *
        *********************************************************************
        
                     REDIMENSIONING INFORMATION:
        MAX X-DIRECTION GRID BLOCKS                                  100
        MAX Y-DIRECTION GRID BLOCKS                                  100
        MAX Z-DIRECTION GRID BLOCKS                                   20
        MAX ROCK REGIONS                                               3
        MAX ROCK REGION TABLE ENTRIES                                100
        MAX PVT REGIONS                                                3
        MAX PVT REGION TABLE ENTRIES                                 100
        MAX WELLS                                                     50
        MAX TIME STEPS                                              1000
        MAX RESTART RECORDS                                            5
        TOTAL BLOCKS USING 1D DIRECT SOLN METHODS                     13
        TOTAL BLOCKS USING 2D OR 3D DIRECT SOLN METHODS                1
        TOTAL BLOCKS USING ITERATIVE SOLN METHOD                   200000
        MAX NO OF BLOCKS IN 1D FOR LSOR                               13
        MAX NO OF BLOCKS IN 2D FOR L2SOR                               1
        
                       ********************************************************************************
                       *                                                                              *
                       *                          SPE1 CASE - GAS INJECTION                           *
                       *                                                                              *
                       ********************************************************************************


***** RESTART OPTION *****
RESTART OPTION HAS NOT BEEN ACTIVATED.



                     ***** INITIALIZATION DATA *****


               GRID BLOCK LENGTH (DX) IS INITIALLY SET AT  1000.0000 FOR ALL NODES


               GRID BLOCK WIDTH (DY) IS INITIALLY SET AT  1000.0000 FOR ALL NODES

               GRID SIZE (DZ) IN LAYER      1 IS INITIALLY SET AT    20.00 FOR ALL NODES
               GRID SIZE (DZ) IN LAYER      2 IS INITIALLY SET AT    30.00 FOR ALL NODES
               GRID SIZE (DZ) IN LAYER      3 IS INITIALLY SET AT    50.00 FOR ALL NODES
               GRID SIZE (DZNET) IN LAYER      1 IS INITIALLY SET AT    20.00 FOR ALL NODES
               GRID SIZE (DZNET) IN LAYER      2 IS INITIALLY SET AT    30.00 FOR ALL NODES
               GRID SIZE (DZNET) IN LAYER      3 IS INITIALLY SET AT    50.00 FOR ALL NODES


               ********** DEPTHS TO GRID BLOCK TOPS **********


K =  1

     8325     8325     8325     8325     8325     8325     8325     8325     8325     8325
     8325     8325     8325     8325     8325     8325     8325     8325     8325     8325
     8325     8325     8325     8325     8325     8325     8325     8325     8325     8325
     8325     8325     8325     8325     8325     8325     8325     8325     8325     8325
     8325     8325     8325     8325     8325     8325     8325     8325     8325     8325
     8325     8325     8325     8325     8325     8325     8325     8325     8325     8325
     8325     8325     8325     8325     8325     8325     8325     8325     8325     8325
     8325     8325     8325     8325     8325     8325     8325     8325     8325     8325
     8325     8325     8325     8325     8325     8325     8325     8325     8325     8325
     8325     8325     8325     8325     8325     8325     8325     8325     8325     8325

K =  2

     8345     8345     8345     8345     8345     8345     8345     8345     8345     8345
     8345     8345     8345     8345     8345     8345     8345     8345     8345     8345
     8345     8345     8345     8345     8345     8345     8345     8345     8345     8345
     8345     8345     8345     8345     8345     8345     8345     8345     8345     8345
     8345     8345     8345     8345     8345     8345     8345     8345     8345     8345
     8345     8345     8345     8345     8345     8345     8345     8345     8345     8345
     8345     8345     8345     8345     8345     8345     8345     8345     8345     8345
     8345     8345     8345     8345     8345     8345     8345     8345     8345     8345
     8345     8345     8345     8345     8345     8345     8345     8345     8345     8345
     8345     8345     8345     8345     8345     8345     8345     8345     8345     8345

K =  3

     8375     8375     8375     8375     8375     8375     8375     8375     8375     8375
     8375     8375     8375     8375     8375     8375     8375     8375     8375     8375
     8375     8375     8375     8375     8375     8375     8375     8375     8375     8375
     8375     8375     8375     8375     8375     8375     8375     8375     8375     8375
     8375     8375     8375     8375     8375     8375     8375     8375     8375     8375
     8375     8375     8375     8375     8375     8375     8375     8375     8375     8375
     8375     8375     8375     8375     8375     8375     8375     8375     8375     8375
     8375     8375     8375     8375     8375     8375     8375     8375     8375     8375
     8375     8375     8375     8375     8375     8375     8375     8375     8375     8375
     8375     8375     8375     8375     8375     8375     8375     8375     8375     8375

   READING POROSITY DISTRIBUTION...
   CONSTANT POROSITY = 0.3000

   READING X-DIRECTION PERMEABILITY...
   KX BY LAYER:
   LAYER 1: KX = 500.00 md
   LAYER 2: KX = 50.00 md
   LAYER 3: KX = 200.00 md

   READING Y-DIRECTION PERMEABILITY...
   KY BY LAYER:
   LAYER 1: KY = 500.00 md
   LAYER 2: KY = 50.00 md
   LAYER 3: KY = 200.00 md

   READING Z-DIRECTION PERMEABILITY...
   KZ BY LAYER:
   LAYER 1: KZ = 500.00 md
   LAYER 2: KZ = 50.00 md
   LAYER 3: KZ = 200.00 md

   ROCK PROPERTIES SUCCESSFULLY READ AND VALIDATED

              ***** EMPIRICAL DATA TABLES *****


              *** NUMBER OF REGIONS ***
                   ROCK              1
                   PVT              1


              ROCK REGION #     1

  SATURATION    KROT      KRW       KRG        KROG     PCOW      PCGO
                                                        (PSI)      (PSI)

    -0.1000    0.0000    0.0000    0.0000    0.0000    0.0000    0.0000
     0.0000    0.0000    0.0000    0.0000    0.0000    0.0000    0.0000
     0.0010    0.0000    0.0000    0.0000    0.0000    0.0000    0.0000
     0.0200    0.0000    0.0000    0.0000    0.0000    0.0000    0.0000
     0.0500    0.0000    0.0000    0.0050    0.0000    0.0000    0.0000
     0.0900    0.0000    0.0000    0.0164    0.0000    0.0000    0.0000
     0.1200    0.0000    0.0000    0.0250    0.0000    0.0000    0.0000
     0.1500    0.0000    0.0000    0.0437    0.0000    0.0000    0.0000
     0.1600    0.0000    0.0000    0.0500    0.0000    0.0000    0.0000
     0.1800    0.0000    0.0000    0.0625    0.0000    0.0000    0.0000
     0.2000    0.0001    0.0000    0.0750    0.0000    0.0000    0.0000
     0.2200    0.0001    0.0000    0.0950    0.0000    0.0000    0.0000
     0.2400    0.0004    0.0000    0.1150    0.0000    0.0000    0.0000
     0.2500    0.0006    0.0000    0.1250    0.0000    0.0000    0.0000
     0.2800    0.0010    0.0000    0.1640    0.0000    0.0000    0.0000
     0.3000    0.0040    0.0000    0.1900    0.0000    0.0000    0.0000
     0.3400    0.0100    0.0000    0.2780    0.0000    0.0000    0.0000
     0.3600    0.0137    0.0000    0.3220    0.0001    0.0000    0.0000
     0.4000    0.0210    0.0000    0.4100    0.0001    0.0000    0.0000
     0.4200    0.0440    0.0000    0.4860    0.0003    0.0000    0.0000
     0.4500    0.0785    0.0000    0.6000    0.0006    0.0000    0.0000
     0.4600    0.0900    0.0000    0.6240    0.0006    0.0000    0.0000
     0.4800    0.1267    0.0000    0.6720    0.0008    0.0000    0.0000
     0.5000    0.1633    0.0000    0.7200    0.0010    0.0000    0.0000
     0.5200    0.2000    0.0000    0.7500    0.0046    0.0000    0.0000
     0.5400    0.2500    0.0000    0.7800    0.0082    0.0000    0.0000
     0.5500    0.2750    0.0000    0.7950    0.0100    0.0000    0.0000
     0.5800    0.3500    0.0000    0.8400    0.0166    0.0000    0.0000
     0.6000    0.4667    0.0000    0.8700    0.0210    0.0000    0.0000
     0.6400    0.7000    0.0000    0.8980    0.0486    0.0000    0.0000
     0.6600    0.7933    0.0000    0.9120    0.0624    0.0000    0.0000
     0.7000    0.9800    0.0000    0.9400    0.0900    0.0000    0.0000
     0.7200    0.9857    0.0000    0.9453    0.1340    0.0000    0.0000
     0.7500    0.9942    0.0000    0.9533    0.2000    0.0000    0.0000
     0.7600    0.9970    0.0000    0.9560    0.2300    0.0000    0.0000
     0.7800    0.9980    0.0000    0.9613    0.2900    0.0000    0.0000
     0.8000    0.9990    0.0000    0.9667    0.3500    0.0000    0.0000
     0.8200    1.0000    0.0000    0.9720    0.4375    0.0000    0.0000
     0.8400    1.0000    0.0000    0.9773    0.5250    0.0000    0.0000
     0.8500    1.0000    0.0000    0.9800    0.5687    0.0000    0.0000
     0.8800    1.0000    0.0000    0.9840    0.7000    0.0000    0.0000
     0.9100    1.0000    0.0000    0.9840    0.8200    0.0000    0.0000
     0.9500    1.0000    0.0000    0.9840    0.9800    0.0000    0.0000
     0.9800    1.0000    0.0000    0.9840    0.9970    0.0000    0.0000
     0.9990    1.0000    0.0000    0.9840    1.0000    0.0000    0.0000
     1.0000    1.0000    0.0000    0.9840    1.0000    0.0000    0.0000
     1.1000    1.0000    0.0000    0.9840    1.0000    0.0000    0.0000


         THE THREE-PHASE REL. PERM. CALC. IS NOT USED.
         IRREDUCIBLE WATER SATURATION IS 0.2200

              PVT REGION #     1



         BUBBLE POINT PARAMETERS:
    BUBBLE POINT PRESSURE (PSI)                4014.700
    BUBBLE POINT DEPTH (FT)                    8300.000
    BUBBLE POINT GRADIENT (PSI/FT)               0.000


   VSLOPE     BSLOPE       RSLOPE     PMAX  REPRS
  (CP/PSI) (RB/STB/PSI)    (1/PSI)   (PSI)

  4.600e-05 -2.320e-05    0.00000    9014.70     0


     **** SATURATED OIL PVT PROPERTIES ****
     PRESSURE  VISCOSITY    FVF    SOLN. GAS
      (PSI)       (CP)    (RB/STB)  (SCF/STB)

         14.7   1.0400    1.0620      1.00
       1014.7   0.8300    1.2950    371.00
       2014.7   0.6950    1.4350    636.00
       3014.7   0.5940    1.5650    930.00
       4014.7   0.5100    1.6950   1270.00
       5014.7   0.4490    1.8270   1618.00
       9014.7   0.2030    2.3500   2984.00


         **** WATER PVT PROPERTIES ***
     PRESSURE  VISCOSITY    FVF    SOLN. GAS
      (PSI)       (CP)    (RB/STB)  (SCF/STB)

         14.7   0.5000    1.0190      0.00
       1014.7   0.5010    1.0160      0.00
       2014.7   0.5020    1.0130      0.00
       4014.7   0.5050    1.0070      0.00
       6014.7   0.5100    1.0010      0.00
       9014.7   0.5200    0.9920      0.00


       ****  GAS  PVT AND ROCK COMP. ****
     PRESSURE  VISCOSITY    FVF     PSEUDO-PRS  ROCK COMP.
      (PSI)       (CP)   (RCF/SCF) (PSIA**2/CP)  (1/PSI)

         14.7   0.0080  9.3580e-01  0.0000e+00   3.000e-06
        264.7   0.0096  6.7902e-02  0.0000e+00   3.000e-06
        514.7   0.0112  3.5228e-02  0.0000e+00   3.000e-06
       1014.7   0.0140  1.7951e-02  0.0000e+00   3.000e-06
       2014.7   0.0189  9.0630e-03  0.0000e+00   3.000e-06
       2514.7   0.0208  7.2660e-03  0.0000e+00   3.000e-06
       3014.7   0.0228  6.0640e-03  0.0000e+00   3.000e-06
       4014.7   0.0268  4.5540e-03  0.0000e+00   3.000e-06
       5014.7   0.0309  3.6440e-03  0.0000e+00   3.000e-06
       9014.7   0.0470  2.1670e-03  0.0000e+00   3.000e-06


       *** DENSITIES AT STD. CONDITIONS ***
             OIL      WATER      GAS
          (LBM/SCF) (LBM/SCF) (LBM/SCF)

           46.2440   62.2380    0.0647


              ***** SLOPES FOR COMPRESSIBILITY CALCULATIONS ****


           PRESSURE             BO         DBO/DP             RSO        DRSO/DP
            (PSI)         (RB/STB)         (RB/STB/PSI)         (CF/CF)          (1/PSI)

            1014.7    1.2950   2.3300e-04     66.1   6.5893e-02
            2014.7    1.4350   1.4000e-04    113.3   4.7194e-02
            3014.7    1.5650   1.3000e-04    165.6   5.2358e-02
            4014.7    1.6950   1.3000e-04    226.2   6.0551e-02
            5014.7    1.8270   1.3200e-04    288.1   6.1975e-02
            9014.7    2.3500   1.3075e-04    531.4   6.0818e-02


           PRESSURE             BW         DBW/DP             RSW        DRSW/DP
            (PSI)         (RB/STB)         (RB/STB/PSI)         (CF/CF)          (1/PSI)

            1014.7    1.0160  -3.0000e-06      0.0   0.0000e+00
            2014.7    1.0130  -3.0000e-06      0.0   0.0000e+00
            4014.7    1.0070  -3.0000e-06      0.0   0.0000e+00
            6014.7    1.0010  -3.0000e-06      0.0   0.0000e+00
            9014.7    0.9920  -3.0000e-06      0.0   0.0000e+00


           PRESSURE         BG            DBG/DP
             (PSI)             (RCF/SCF)        (RCF/SCF/PSI)

             264.7      6.7902e-02    -3.4716e-03
             514.7      3.5228e-02    -1.3070e-04
            1014.7      1.7951e-02    -3.4554e-05
            2014.7      9.0630e-03    -8.8880e-06
            2514.7      7.2660e-03    -3.5940e-06
            3014.7      6.0640e-03    -2.4040e-06
            4014.7      4.5540e-03    -1.5100e-06
            5014.7      3.6440e-03    -9.1000e-07
            9014.7      2.1670e-03    -3.6925e-07

   INITIALIZATION SUCCESSFULLY COMPLETED

              TOTAL INITIAL FLUID VOLUMES IN RESERVOIR:
                   OIL IN PLACE (MILLION STB)                                          254.8878
                   WATER IN PLACE (MILLION STB)                                          106.3608
                   SOLUTION GAS IN PLACE (BILLION SCF)                                          323.6995
                   FREE GAS IN PLACE (BILLION SCF)                                            0.0000


               RUN CONTROL PARAMETERS:
                    MAXIMUM NUMBER OF TIME-STEPS = 500
                    FACTOR FOR INCREASING DELT =      1.200   WHEN DSMAX AND DPMAX NOT EXCEEDED.
                    FACTOR FOR DECREASING DELT =      0.500   WHEN DSMAX OR DPMAX IS EXCEEDED.
                    MAXIMUM SIMULATION TIME =     300.000
                    MAXIMUM RESERVOIR WOR/TIME-STEP =       20 STB/STB
                    MAXIMUM RESERVOIR GOR/TIME-STEP =   500000 SCF/STB
                    MINIMUM AVERAGE RESERVOIR PRESSURE/TIME-STEP =      150
                    MAXIMUM AVERAGE RESERVOIR PRESSURE/TIME-STEP =    10000


               SOLUTION METHOD IS LSORZ:
                    MAXIMUM NUMBER OF ITERATIONS      (MITER) =        250
                    INITIAL ACCELERATION PARAMETER    (OMEGA) =     1.7000
                    MAXIMUM PRESSURE RESIDUAL           (TOL) =     0.1000
                    PARAMETER FOR CHANGING OMEGA       (TOL1) =     0.0000

               AUTOMATIC TIME STEP CRITERIA:
                    MAXIMUM ALLOWED SATURATION CHANGE (DSMAX) =     0.0500
                    MAXIMUM ALLOWED PRESSURE CHANGE   (DPMAX) =   100.0000



               IMPES FORMULATION SELECTED;  SINGLE-POINT UPSTREAM WEIGHTING.

*********************
*   WELL   UPDATE   *
*********************

                    RESERVOIR CONTAINS THE FOLLOWING RATE NODES:

 WELL  NO.     NODE      OIL(STBD)   WATER(RBD)   GAS(MCFD)   TOTAL(RBD)   BHFP(PSIA)      PID      ALIT      BLIT
 PROD      1  10 10  3      20000.00         0.00         0.00         0.00      1000.00   11.4500 0.000e+00 0.000e+00
 INJ1      2   1  1  1          0.00         0.00      -100.00         0.00      9014.00   11.4500 0.000e+00 0.000e+00

               BLOCK  10 10  3 CONTAINS THE OIL RATE SPECIFIED PRODUCING WELL NUMBER     1
               BLOCK   1  1  1 CONTAINS THE RATE SPECIFIED GAS INJECTION WELL NUMBER     2
                              *********************************************************************
                              *                                                                   *
                              *                                                                   *
                              *             SUMMARY REPORT: BOAST II (RELEASE 1.1)               *
                              *                                                                   *
                              *                                                                   *
                              *********************************************************************



 ELAPSED TIME (DAYS)         =      0.00   TIME STEP NUMBER             =     1      TIME STEP SIZE (DAYS)         =      0.10

 CURRENT AVG RES PRESSURE    =       0.0   PREVIOUS AVG RES PRESSURE    =       0.0  PRESSURE DPMAX(  1,  1,  1)   =       0.0
 OIL DSMAX(  1,  1,  1)      =   0.00000   GAS DSMAX(  1,  1,  1)       =   0.00000  WATER DSMAX(  1,  1,  1)      =   0.00000
 OIL MATERIAL BALANCE (%)    =  0.000000   GAS MATERIAL BALANCE (%)     =  0.000000  WATER MATERIAL BALANCE (%)    =  0.000000
 CUM. OIL MATERIAL BALANCE(%)=  0.000000   CUM. GAS MATERIAL BALANCE(%) =  0.000000  CUM. WATER MATERIAL BALANCE(%)=  0.000000

 OIL PRODUCTION RATE (STB/D) =       0.0   CUM. OIL PRODUCTION (STB)    = 0.0000e+00
 GAS PRODUCTION RATE (MSCF/D)=       0.0   CUM. GAS PRODUCTION (MSCF)   = 0.0000e+00
 WATER PRODUCTION RATE(STB/D)=       0.0
                                          CUM. WATER PRODUCTION (STB)  = 0.0000e+00

 GAS INJECTION RATE (MSCF/D) =       0.0   CUM. GAS INJECTION (MSCF)    = 0.0000e+00
 WATER INJECTION RATE (STB/D)=       0.0   CUM. WATER INJECTION (STB)   = 0.0000e+00

 PRODUCING WOR (STB/STB)     =     0.000   CUM. WOR (STB/STB)           =     0.000
 PRODUCING GOR (SCF/STB)     =       0.0   CUM. GOR (SCF/STB)           =       0.0


              ******* INITIAL ARRAYS *******




              ***** RESERVOIR PRESSURE DISTRIBUTION *****


 K =  1
          1       2       3       4       5       6       7       8       9      10  

   1     4784    4784    4784    4784    4784    4784    4784    4784    4784    4784
   2     4784    4784    4784    4784    4784    4784    4784    4784    4784    4784
   3     4784    4784    4784    4784    4784    4784    4784    4784    4784    4784
   4     4784    4784    4784    4784    4784    4784    4784    4784    4784    4784
   5     4784    4784    4784    4784    4784    4784    4784    4784    4784    4784
   6     4784    4784    4784    4784    4784    4784    4784    4784    4784    4784
   7     4784    4784    4784    4784    4784    4784    4784    4784    4784    4784
   8     4784    4784    4784    4784    4784    4784    4784    4784    4784    4784
   9     4784    4784    4784    4784    4784    4784    4784    4784    4784    4784
  10     4784    4784    4784    4784    4784    4784    4784    4784    4784    4784

 K =  2
          1       2       3       4       5       6       7       8       9      10  

   1     4790    4790    4790    4790    4790    4790    4790    4790    4790    4790
   2     4790    4790    4790    4790    4790    4790    4790    4790    4790    4790
   3     4790    4790    4790    4790    4790    4790    4790    4790    4790    4790
   4     4790    4790    4790    4790    4790    4790    4790    4790    4790    4790
   5     4790    4790    4790    4790    4790    4790    4790    4790    4790    4790
   6     4790    4790    4790    4790    4790    4790    4790    4790    4790    4790
   7     4790    4790    4790    4790    4790    4790    4790    4790    4790    4790
   8     4790    4790    4790    4790    4790    4790    4790    4790    4790    4790
   9     4790    4790    4790    4790    4790    4790    4790    4790    4790    4790
  10     4790    4790    4790    4790    4790    4790    4790    4790    4790    4790

 K =  3
          1       2       3       4       5       6       7       8       9      10  

   1     4800    4800    4800    4800    4800    4800    4800    4800    4800    4800
   2     4800    4800    4800    4800    4800    4800    4800    4800    4800    4800
   3     4800    4800    4800    4800    4800    4800    4800    4800    4800    4800
   4     4800    4800    4800    4800    4800    4800    4800    4800    4800    4800
   5     4800    4800    4800    4800    4800    4800    4800    4800    4800    4800
   6     4800    4800    4800    4800    4800    4800    4800    4800    4800    4800
   7     4800    4800    4800    4800    4800    4800    4800    4800    4800    4800
   8     4800    4800    4800    4800    4800    4800    4800    4800    4800    4800
   9     4800    4800    4800    4800    4800    4800    4800    4800    4800    4800
  10     4800    4800    4800    4800    4800    4800    4800    4800    4800    4800



              *********  OIL SATURATION  *********


 K =  1
          1       2       3       4       5       6       7       8       9      10  

   1    0.800   0.800   0.800   0.800   0.800   0.800   0.800   0.800   0.800   0.800
   2    0.800   0.800   0.800   0.800   0.800   0.800   0.800   0.800   0.800   0.800
   3    0.800   0.800   0.800   0.800   0.800   0.800   0.800   0.800   0.800   0.800
   4    0.800   0.800   0.800   0.800   0.800   0.800   0.800   0.800   0.800   0.800
   5    0.800   0.800   0.800   0.800   0.800   0.800   0.800   0.800   0.800   0.800
   6    0.800   0.800   0.800   0.800   0.800   0.800   0.800   0.800   0.800   0.800
   7    0.800   0.800   0.800   0.800   0.800   0.800   0.800   0.800   0.800   0.800
   8    0.800   0.800   0.800   0.800   0.800   0.800   0.800   0.800   0.800   0.800
   9    0.800   0.800   0.800   0.800   0.800   0.800   0.800   0.800   0.800   0.800
  10    0.800   0.800   0.800   0.800   0.800   0.800   0.800   0.800   0.800   0.800

 K =  2
          1       2       3       4       5       6       7       8       9      10  

   1    0.800   0.800   0.800   0.800   0.800   0.800   0.800   0.800   0.800   0.800
   2    0.800   0.800   0.800   0.800   0.800   0.800   0.800   0.800   0.800   0.800
   3    0.800   0.800   0.800   0.800   0.800   0.800   0.800   0.800   0.800   0.800
   4    0.800   0.800   0.800   0.800   0.800   0.800   0.800   0.800   0.800   0.800
   5    0.800   0.800   0.800   0.800   0.800   0.800   0.800   0.800   0.800   0.800
   6    0.800   0.800   0.800   0.800   0.800   0.800   0.800   0.800   0.800   0.800
   7    0.800   0.800   0.800   0.800   0.800   0.800   0.800   0.800   0.800   0.800
   8    0.800   0.800   0.800   0.800   0.800   0.800   0.800   0.800   0.800   0.800
   9    0.800   0.800   0.800   0.800   0.800   0.800   0.800   0.800   0.800   0.800
  10    0.800   0.800   0.800   0.800   0.800   0.800   0.800   0.800   0.800   0.800

 K =  3
          1       2       3       4       5       6       7       8       9      10  

   1    0.800   0.800   0.800   0.800   0.800   0.800   0.800   0.800   0.800   0.800
   2    0.800   0.800   0.800   0.800   0.800   0.800   0.800   0.800   0.800   0.800
   3    0.800   0.800   0.800   0.800   0.800   0.800   0.800   0.800   0.800   0.800
   4    0.800   0.800   0.800   0.800   0.800   0.800   0.800   0.800   0.800   0.800
   5    0.800   0.800   0.800   0.800   0.800   0.800   0.800   0.800   0.800   0.800
   6    0.800   0.800   0.800   0.800   0.800   0.800   0.800   0.800   0.800   0.800
   7    0.800   0.800   0.800   0.800   0.800   0.800   0.800   0.800   0.800   0.800
   8    0.800   0.800   0.800   0.800   0.800   0.800   0.800   0.800   0.800   0.800
   9    0.800   0.800   0.800   0.800   0.800   0.800   0.800   0.800   0.800   0.800
  10    0.800   0.800   0.800   0.800   0.800   0.800   0.800   0.800   0.800   0.800



              *********  WATER SATURATION  *********


 K =  1
          1       2       3       4       5       6       7       8       9      10  

   1    0.200   0.200   0.200   0.200   0.200   0.200   0.200   0.200   0.200   0.200
   2    0.200   0.200   0.200   0.200   0.200   0.200   0.200   0.200   0.200   0.200
   3    0.200   0.200   0.200   0.200   0.200   0.200   0.200   0.200   0.200   0.200
   4    0.200   0.200   0.200   0.200   0.200   0.200   0.200   0.200   0.200   0.200
   5    0.200   0.200   0.200   0.200   0.200   0.200   0.200   0.200   0.200   0.200
   6    0.200   0.200   0.200   0.200   0.200   0.200   0.200   0.200   0.200   0.200
   7    0.200   0.200   0.200   0.200   0.200   0.200   0.200   0.200   0.200   0.200
   8    0.200   0.200   0.200   0.200   0.200   0.200   0.200   0.200   0.200   0.200
   9    0.200   0.200   0.200   0.200   0.200   0.200   0.200   0.200   0.200   0.200
  10    0.200   0.200   0.200   0.200   0.200   0.200   0.200   0.200   0.200   0.200

 K =  2
          1       2       3       4       5       6       7       8       9      10  

   1    0.200   0.200   0.200   0.200   0.200   0.200   0.200   0.200   0.200   0.200
   2    0.200   0.200   0.200   0.200   0.200   0.200   0.200   0.200   0.200   0.200
   3    0.200   0.200   0.200   0.200   0.200   0.200   0.200   0.200   0.200   0.200
   4    0.200   0.200   0.200   0.200   0.200   0.200   0.200   0.200   0.200   0.200
   5    0.200   0.200   0.200   0.200   0.200   0.200   0.200   0.200   0.200   0.200
   6    0.200   0.200   0.200   0.200   0.200   0.200   0.200   0.200   0.200   0.200
   7    0.200   0.200   0.200   0.200   0.200   0.200   0.200   0.200   0.200   0.200
   8    0.200   0.200   0.200   0.200   0.200   0.200   0.200   0.200   0.200   0.200
   9    0.200   0.200   0.200   0.200   0.200   0.200   0.200   0.200   0.200   0.200
  10    0.200   0.200   0.200   0.200   0.200   0.200   0.200   0.200   0.200   0.200

 K =  3
          1       2       3       4       5       6       7       8       9      10  

   1    0.200   0.200   0.200   0.200   0.200   0.200   0.200   0.200   0.200   0.200
   2    0.200   0.200   0.200   0.200   0.200   0.200   0.200   0.200   0.200   0.200
   3    0.200   0.200   0.200   0.200   0.200   0.200   0.200   0.200   0.200   0.200
   4    0.200   0.200   0.200   0.200   0.200   0.200   0.200   0.200   0.200   0.200
   5    0.200   0.200   0.200   0.200   0.200   0.200   0.200   0.200   0.200   0.200
   6    0.200   0.200   0.200   0.200   0.200   0.200   0.200   0.200   0.200   0.200
   7    0.200   0.200   0.200   0.200   0.200   0.200   0.200   0.200   0.200   0.200
   8    0.200   0.200   0.200   0.200   0.200   0.200   0.200   0.200   0.200   0.200
   9    0.200   0.200   0.200   0.200   0.200   0.200   0.200   0.200   0.200   0.200
  10    0.200   0.200   0.200   0.200   0.200   0.200   0.200   0.200   0.200   0.200



              *********  GAS SATURATION  *********


 K =  1
          1       2       3       4       5       6       7       8       9      10  

   1    0.000   0.000   0.000   0.000   0.000   0.000   0.000   0.000   0.000   0.000
   2    0.000   0.000   0.000   0.000   0.000   0.000   0.000   0.000   0.000   0.000
   3    0.000   0.000   0.000   0.000   0.000   0.000   0.000   0.000   0.000   0.000
   4    0.000   0.000   0.000   0.000   0.000   0.000   0.000   0.000   0.000   0.000
   5    0.000   0.000   0.000   0.000   0.000   0.000   0.000   0.000   0.000   0.000
   6    0.000   0.000   0.000   0.000   0.000   0.000   0.000   0.000   0.000   0.000
   7    0.000   0.000   0.000   0.000   0.000   0.000   0.000   0.000   0.000   0.000
   8    0.000   0.000   0.000   0.000   0.000   0.000   0.000   0.000   0.000   0.000
   9    0.000   0.000   0.000   0.000   0.000   0.000   0.000   0.000   0.000   0.000
  10    0.000   0.000   0.000   0.000   0.000   0.000   0.000   0.000   0.000   0.000

 K =  2
          1       2       3       4       5       6       7       8       9      10  

   1    0.000   0.000   0.000   0.000   0.000   0.000   0.000   0.000   0.000   0.000
   2    0.000   0.000   0.000   0.000   0.000   0.000   0.000   0.000   0.000   0.000
   3    0.000   0.000   0.000   0.000   0.000   0.000   0.000   0.000   0.000   0.000
   4    0.000   0.000   0.000   0.000   0.000   0.000   0.000   0.000   0.000   0.000
   5    0.000   0.000   0.000   0.000   0.000   0.000   0.000   0.000   0.000   0.000
   6    0.000   0.000   0.000   0.000   0.000   0.000   0.000   0.000   0.000   0.000
   7    0.000   0.000   0.000   0.000   0.000   0.000   0.000   0.000   0.000   0.000
   8    0.000   0.000   0.000   0.000   0.000   0.000   0.000   0.000   0.000   0.000
   9    0.000   0.000   0.000   0.000   0.000   0.000   0.000   0.000   0.000   0.000
  10    0.000   0.000   0.000   0.000   0.000   0.000   0.000   0.000   0.000   0.000

 K =  3
          1       2       3       4       5       6       7       8       9      10  

   1    0.000   0.000   0.000   0.000   0.000   0.000   0.000   0.000   0.000   0.000
   2    0.000   0.000   0.000   0.000   0.000   0.000   0.000   0.000   0.000   0.000
   3    0.000   0.000   0.000   0.000   0.000   0.000   0.000   0.000   0.000   0.000
   4    0.000   0.000   0.000   0.000   0.000   0.000   0.000   0.000   0.000   0.000
   5    0.000   0.000   0.000   0.000   0.000   0.000   0.000   0.000   0.000   0.000
   6    0.000   0.000   0.000   0.000   0.000   0.000   0.000   0.000   0.000   0.000
   7    0.000   0.000   0.000   0.000   0.000   0.000   0.000   0.000   0.000   0.000
   8    0.000   0.000   0.000   0.000   0.000   0.000   0.000   0.000   0.000   0.000
   9    0.000   0.000   0.000   0.000   0.000   0.000   0.000   0.000   0.000   0.000
  10    0.000   0.000   0.000   0.000   0.000   0.000   0.000   0.000   0.000   0.000



              ***** BUBBLE POINT PRESSURE DISTRIBUTION *****


 K =  1
          1       2       3       4       5       6       7       8       9      10  

   1     4015    4015    4015    4015    4015    4015    4015    4015    4015    4015
   2     4015    4015    4015    4015    4015    4015    4015    4015    4015    4015
   3     4015    4015    4015    4015    4015    4015    4015    4015    4015    4015
   4     4015    4015    4015    4015    4015    4015    4015    4015    4015    4015
   5     4015    4015    4015    4015    4015    4015    4015    4015    4015    4015
   6     4015    4015    4015    4015    4015    4015    4015    4015    4015    4015
   7     4015    4015    4015    4015    4015    4015    4015    4015    4015    4015
   8     4015    4015    4015    4015    4015    4015    4015    4015    4015    4015
   9     4015    4015    4015    4015    4015    4015    4015    4015    4015    4015
  10     4015    4015    4015    4015    4015    4015    4015    4015    4015    4015

 K =  2
          1       2       3       4       5       6       7       8       9      10  

   1     4015    4015    4015    4015    4015    4015    4015    4015    4015    4015
   2     4015    4015    4015    4015    4015    4015    4015    4015    4015    4015
   3     4015    4015    4015    4015    4015    4015    4015    4015    4015    4015
   4     4015    4015    4015    4015    4015    4015    4015    4015    4015    4015
   5     4015    4015    4015    4015    4015    4015    4015    4015    4015    4015
   6     4015    4015    4015    4015    4015    4015    4015    4015    4015    4015
   7     4015    4015    4015    4015    4015    4015    4015    4015    4015    4015
   8     4015    4015    4015    4015    4015    4015    4015    4015    4015    4015
   9     4015    4015    4015    4015    4015    4015    4015    4015    4015    4015
  10     4015    4015    4015    4015    4015    4015    4015    4015    4015    4015

 K =  3
          1       2       3       4       5       6       7       8       9      10  

   1     4015    4015    4015    4015    4015    4015    4015    4015    4015    4015
   2     4015    4015    4015    4015    4015    4015    4015    4015    4015    4015
   3     4015    4015    4015    4015    4015    4015    4015    4015    4015    4015
   4     4015    4015    4015    4015    4015    4015    4015    4015    4015    4015
   5     4015    4015    4015    4015    4015    4015    4015    4015    4015    4015
   6     4015    4015    4015    4015    4015    4015    4015    4015    4015    4015
   7     4015    4015    4015    4015    4015    4015    4015    4015    4015    4015
   8     4015    4015    4015    4015    4015    4015    4015    4015    4015    4015
   9     4015    4015    4015    4015    4015    4015    4015    4015    4015    4015
  10     4015    4015    4015    4015    4015    4015    4015    4015    4015    4015



   *************************************************  END OF INITIALIZATION  *************************************************






                                                      *****************************
                                                      *   TIME   STEP   SUMMARY   *
                                                      *****************************

 TIME STEP               PRODUCTION                     INJECTION     PV WT   MATERIAL  BALANCES  MAX SATN CHANGE MAX PRES CHANGE  ITN 
 ---------  ---------------------------------------- ----------------   AVG   -------------------- --------------- --------------- -----
               OIL     GAS     WATER    GOR   WATER    GAS     WATER   RES     OIL    GAS   WATER  I  J  K  DSMAX  I  J  K  DPMAX O   I
                                        SCF/   /OIL                    PRES     %      %      %
  NO. DAYS    STB/D  MSCF/D    STB/D    STB   RATIO  MSCF/D    STB/D   PSIA
 ---- ---- --------  -------  ------- ------  ----- -------- ------- ------  ------ ------ ------ -- -- -- ------ -- -- -- ------ -----
   1     0.   20000.0  25399.4      0.0 1270.0    0.0   -100.0       0    4794.  -0.000  0.000  0.000  10 10  3  0.000 10 10  3  40.67 1   0
   2     0.   20000.0  25399.4      0.0 1270.0    0.0   -100.0       0    4793.  -0.000  0.000  0.000  10 10  2  0.000 10 10  3  41.54 1   0
   3     0.   20000.0  25399.4      0.0 1270.0    0.0   -100.0       0    4792.  -0.000  0.000  0.000  10 10  2  0.000 10 10  3  43.78 1   0
   4     1.   20000.0  25399.4      0.0 1270.0    0.0   -100.0       0    4792.  -0.000  0.000  0.000  10 10  2  0.000 10 10  3  45.62 1   0
   5     1.   20000.0  25399.4      0.0 1270.0    0.0   -100.0       0    4791.  -0.000  0.000  0.000  10 10  1  0.000 10 10  3  46.94 1   0
   6     1.   20000.0  25399.4      0.0 1270.0    0.0   -100.0       0    4790.  -0.000  0.000  0.000  10 10  1  0.000 10 10  3  47.72 1   0
   7     1.   20000.0  25399.4      0.0 1270.0    0.0   -100.0       0    4788.  -0.000  0.000  0.000  10 10  1  0.000 10 10  3  48.02 1   0
   8     2.   20000.0  25399.4      0.0 1270.0    0.0   -100.0       0    4787.  -0.000  0.000  0.000  10 10  2  0.000 10 10  3  47.93 1   0
   9     2.   20000.0  25399.4      0.0 1270.0    0.0   -100.0       0    4785.  -0.000  0.000  0.000  10 10  1  0.000 10 10  3  47.56 1   0
  10     3.   20000.0  25399.4      0.0 1270.0    0.0   -100.0       0    4783.  -0.000  0.000  0.000  10 10  1  0.000 10 10  3  47.00 1   0
  11     3.   20000.0  25399.4      0.0 1270.0    0.0   -100.0       0    4780.  -0.000  0.000  0.000  10 10  2  0.000 10 10  3  46.36 1   0
  12     4.   20000.0  25399.4      0.0 1270.0    0.0   -100.0       0    4777.  -0.000  0.000  0.000  10 10  2  0.000 10 10  3  45.70 1   0
  13     5.   20000.0  25399.4      0.0 1270.0    0.0   -100.0       0    4773.  -0.000  0.000  0.000   1  1  1  0.000 10 10  2  45.07 1   0
  14     6.   20000.0  25399.4      0.0 1270.0    0.0   -100.0       0    4769.  -0.000 -0.000  0.000   1  1  1  0.000 10 10  2  44.50 1   0
  15     7.   20000.0  25399.4      0.0 1270.0    0.0   -100.0       0    4763.  -0.000  0.000  0.000   1  1  1  0.000 10 10  2  43.97 1   0
  16     9.   20000.0  25399.4      0.0 1270.0    0.0   -100.0       0    4757.  -0.000  0.000  0.000   1  1  1  0.000 10 10  2  43.51 1   0
  17    10.   20000.0  25399.4      0.0 1270.0    0.0   -100.0       0    4751.  -0.000  0.000  0.000   1  1  1  0.000 10 10  2  30.64 1   0
                              *********************************************************************
                              *                                                                   *
                              *                                                                   *
                              *             SUMMARY REPORT: BOAST II (RELEASE 1.1)               *
                              *                                                                   *
                              *                                                                   *
                              *********************************************************************



 ELAPSED TIME (DAYS)         =     10.00   TIME STEP NUMBER             =    17      TIME STEP SIZE (DAYS)         =      1.26

 CURRENT AVG RES PRESSURE    =    4751.2   PREVIOUS AVG RES PRESSURE    =    4756.5  PRESSURE DPMAX(  1,  1,  1)   =       0.0
 OIL DSMAX(  1,  1,  1)      =   0.00000   GAS DSMAX(  1,  1,  1)       =   0.00000  WATER DSMAX(  1,  1,  1)      =   0.00000
 OIL MATERIAL BALANCE (%)    = -0.000001   GAS MATERIAL BALANCE (%)     =  0.000014  WATER MATERIAL BALANCE (%)    =  0.000000
 CUM. OIL MATERIAL BALANCE(%)= -0.000074   CUM. GAS MATERIAL BALANCE(%) =  0.000136  CUM. WATER MATERIAL BALANCE(%)=  0.000000

 OIL PRODUCTION RATE (STB/D) =   20000.0   CUM. OIL PRODUCTION (STB)    = 2.0000e+05
 GAS PRODUCTION RATE (MSCF/D)=   25399.4   CUM. GAS PRODUCTION (MSCF)   = 2.5399e+05
 WATER PRODUCTION RATE(STB/D)=       0.0
                                          CUM. WATER PRODUCTION (STB)  = 3.2763e-02

 GAS INJECTION RATE (MSCF/D) =    -100.0   CUM. GAS INJECTION (MSCF)    = -1.0000e+03
 WATER INJECTION RATE (STB/D)=       0.0   CUM. WATER INJECTION (STB)   = 0.0000e+00

 PRODUCING WOR (STB/STB)     =     0.000   CUM. WOR (STB/STB)           =     0.000
 PRODUCING GOR (SCF/STB)     =    1270.0   CUM. GOR (SCF/STB)           =       1.3




              ***** RESERVOIR PRESSURE DISTRIBUTION *****


 K =  1
          1       2       3       4       5       6       7       8       9      10  

   1     4785    4785    4784    4784    4783    4783    4782    4782    4782    4781
   2     4785    4784    4784    4783    4783    4782    4782    4781    4780    4780
   3     4784    4784    4783    4783    4782    4781    4779    4778    4776    4776
   4     4784    4783    4783    4782    4780    4778    4775    4772    4769    4767
   5     4783    4783    4782    4780    4778    4774    4768    4761    4755    4750
   6     4783    4782    4781    4778    4774    4766    4756    4742    4728    4719
   7     4782    4782    4779    4775    4768    4756    4737    4712    4683    4661
   8     4782    4781    4778    4772    4761    4742    4712    4666    4609    4558
   9     4782    4780    4776    4769    4755    4728    4683    4609    4500    4374
  10     4781    4780    4776    4767    4750    4719    4661    4558    4374    4034

 K =  2
          1       2       3       4       5       6       7       8       9      10  

   1     4792    4791    4790    4790    4790    4789    4789    4788    4788    4788
   2     4791    4791    4790    4790    4789    4789    4788    4787    4786    4786
   3     4790    4790    4790    4789    4788    4787    4786    4784    4783    4782
   4     4790    4790    4789    4788    4787    4785    4782    4778    4775    4773
   5     4790    4789    4788    4787    4784    4780    4774    4768    4761    4757
   6     4789    4789    4787    4785    4780    4773    4762    4749    4735    4725
   7     4789    4788    4786    4782    4774    4762    4743    4718    4689    4667
   8     4788    4787    4784    4778    4768    4749    4718    4672    4615    4564
   9     4788    4786    4783    4775    4761    4735    4689    4615    4506    4380
  10     4788    4786    4782    4773    4757    4725    4667    4564    4380    4037

 K =  3
          1       2       3       4       5       6       7       8       9      10  

   1     4802    4801    4800    4800    4800    4799    4799    4798    4798    4798
   2     4801    4801    4800    4800    4799    4799    4798    4797    4796    4796
   3     4800    4800    4800    4799    4798    4797    4796    4794    4793    4792
   4     4800    4800    4799    4798    4797    4795    4792    4788    4785    4783
   5     4800    4799    4798    4797    4794    4790    4784    4778    4771    4767
   6     4799    4799    4797    4795    4790    4783    4772    4759    4745    4735
   7     4799    4798    4796    4792    4784    4772    4753    4728    4699    4678
   8     4798    4797    4794    4788    4778    4759    4728    4683    4625    4574
   9     4798    4796    4793    4785    4771    4745    4699    4625    4516    4390
  10     4798    4796    4792    4783    4767    4735    4678    4574    4390    4044



              *********  OIL SATURATION  *********


 K =  1
          1       2       3       4       5       6       7       8       9      10  

   1    0.799   0.800   0.800   0.800   0.800   0.800   0.800   0.800   0.800   0.800
   2    0.800   0.800   0.800   0.800   0.800   0.800   0.800   0.800   0.800   0.800
   3    0.800   0.800   0.800   0.800   0.800   0.800   0.800   0.800   0.800   0.800
   4    0.800   0.800   0.800   0.800   0.800   0.800   0.800   0.800   0.800   0.800
   5    0.800   0.800   0.800   0.800   0.800   0.800   0.800   0.800   0.800   0.800
   6    0.800   0.800   0.800   0.800   0.800   0.800   0.800   0.800   0.800   0.800
   7    0.800   0.800   0.800   0.800   0.800   0.800   0.800   0.800   0.800   0.800
   8    0.800   0.800   0.800   0.800   0.800   0.800   0.800   0.800   0.800   0.800
   9    0.800   0.800   0.800   0.800   0.800   0.800   0.800   0.800   0.800   0.800
  10    0.800   0.800   0.800   0.800   0.800   0.800   0.800   0.800   0.800   0.799

 K =  2
          1       2       3       4       5       6       7       8       9      10  

   1    0.800   0.800   0.800   0.800   0.800   0.800   0.800   0.800   0.800   0.800
   2    0.800   0.800   0.800   0.800   0.800   0.800   0.800   0.800   0.800   0.800
   3    0.800   0.800   0.800   0.800   0.800   0.800   0.800   0.800   0.800   0.800
   4    0.800   0.800   0.800   0.800   0.800   0.800   0.800   0.800   0.800   0.800
   5    0.800   0.800   0.800   0.800   0.800   0.800   0.800   0.800   0.800   0.800
   6    0.800   0.800   0.800   0.800   0.800   0.800   0.800   0.800   0.800   0.800
   7    0.800   0.800   0.800   0.800   0.800   0.800   0.800   0.800   0.800   0.800
   8    0.800   0.800   0.800   0.800   0.800   0.800   0.800   0.800   0.800   0.800
   9    0.800   0.800   0.800   0.800   0.800   0.800   0.800   0.800   0.800   0.800
  10    0.800   0.800   0.800   0.800   0.800   0.800   0.800   0.800   0.800   0.799

 K =  3
          1       2       3       4       5       6       7       8       9      10  

   1    0.800   0.800   0.800   0.800   0.800   0.800   0.800   0.800   0.800   0.800
   2    0.800   0.800   0.800   0.800   0.800   0.800   0.800   0.800   0.800   0.800
   3    0.800   0.800   0.800   0.800   0.800   0.800   0.800   0.800   0.800   0.800
   4    0.800   0.800   0.800   0.800   0.800   0.800   0.800   0.800   0.800   0.800
   5    0.800   0.800   0.800   0.800   0.800   0.800   0.800   0.800   0.800   0.800
   6    0.800   0.800   0.800   0.800   0.800   0.800   0.800   0.800   0.800   0.800
   7    0.800   0.800   0.800   0.800   0.800   0.800   0.800   0.800   0.800   0.800
   8    0.800   0.800   0.800   0.800   0.800   0.800   0.800   0.800   0.800   0.800
   9    0.800   0.800   0.800   0.800   0.800   0.800   0.800   0.800   0.800   0.800
  10    0.800   0.800   0.800   0.800   0.800   0.800   0.800   0.800   0.800   0.799



              *********  WATER SATURATION  *********


 K =  1
          1       2       3       4       5       6       7       8       9      10  

   1    0.200   0.200   0.200   0.200   0.200   0.200   0.200   0.200   0.200   0.200
   2    0.200   0.200   0.200   0.200   0.200   0.200   0.200   0.200   0.200   0.200
   3    0.200   0.200   0.200   0.200   0.200   0.200   0.200   0.200   0.200   0.200
   4    0.200   0.200   0.200   0.200   0.200   0.200   0.200   0.200   0.200   0.200
   5    0.200   0.200   0.200   0.200   0.200   0.200   0.200   0.200   0.200   0.200
   6    0.200   0.200   0.200   0.200   0.200   0.200   0.200   0.200   0.200   0.200
   7    0.200   0.200   0.200   0.200   0.200   0.200   0.200   0.200   0.200   0.200
   8    0.200   0.200   0.200   0.200   0.200   0.200   0.200   0.200   0.200   0.200
   9    0.200   0.200   0.200   0.200   0.200   0.200   0.200   0.200   0.200   0.200
  10    0.200   0.200   0.200   0.200   0.200   0.200   0.200   0.200   0.200   0.201

 K =  2
          1       2       3       4       5       6       7       8       9      10  

   1    0.200   0.200   0.200   0.200   0.200   0.200   0.200   0.200   0.200   0.200
   2    0.200   0.200   0.200   0.200   0.200   0.200   0.200   0.200   0.200   0.200
   3    0.200   0.200   0.200   0.200   0.200   0.200   0.200   0.200   0.200   0.200
   4    0.200   0.200   0.200   0.200   0.200   0.200   0.200   0.200   0.200   0.200
   5    0.200   0.200   0.200   0.200   0.200   0.200   0.200   0.200   0.200   0.200
   6    0.200   0.200   0.200   0.200   0.200   0.200   0.200   0.200   0.200   0.200
   7    0.200   0.200   0.200   0.200   0.200   0.200   0.200   0.200   0.200   0.200
   8    0.200   0.200   0.200   0.200   0.200   0.200   0.200   0.200   0.200   0.200
   9    0.200   0.200   0.200   0.200   0.200   0.200   0.200   0.200   0.200   0.200
  10    0.200   0.200   0.200   0.200   0.200   0.200   0.200   0.200   0.200   0.201

 K =  3
          1       2       3       4       5       6       7       8       9      10  

   1    0.200   0.200   0.200   0.200   0.200   0.200   0.200   0.200   0.200   0.200
   2    0.200   0.200   0.200   0.200   0.200   0.200   0.200   0.200   0.200   0.200
   3    0.200   0.200   0.200   0.200   0.200   0.200   0.200   0.200   0.200   0.200
   4    0.200   0.200   0.200   0.200   0.200   0.200   0.200   0.200   0.200   0.200
   5    0.200   0.200   0.200   0.200   0.200   0.200   0.200   0.200   0.200   0.200
   6    0.200   0.200   0.200   0.200   0.200   0.200   0.200   0.200   0.200   0.200
   7    0.200   0.200   0.200   0.200   0.200   0.200   0.200   0.200   0.200   0.200
   8    0.200   0.200   0.200   0.200   0.200   0.200   0.200   0.200   0.200   0.200
   9    0.200   0.200   0.200   0.200   0.200   0.200   0.200   0.200   0.200   0.200
  10    0.200   0.200   0.200   0.200   0.200   0.200   0.200   0.200   0.200   0.201



   *************************************************  END OF SUMMARY REPORT  *************************************************






                                                      *****************************
                                                      *   TIME   STEP   SUMMARY   *
                                                      *****************************

 TIME STEP               PRODUCTION                     INJECTION     PV WT   MATERIAL  BALANCES  MAX SATN CHANGE MAX PRES CHANGE  ITN 
 ---------  ---------------------------------------- ----------------   AVG   -------------------- --------------- --------------- -----
               OIL     GAS     WATER    GOR   WATER    GAS     WATER   RES     OIL    GAS   WATER  I  J  K  DSMAX  I  J  K  DPMAX O   I
                                        SCF/   /OIL                    PRES     %      %      %
  NO. DAYS    STB/D  MSCF/D    STB/D    STB   RATIO  MSCF/D    STB/D   PSIA
 ---- ---- --------  -------  ------- ------  ----- -------- ------- ------  ------ ------ ------ -- -- -- ------ -- -- -- ------ -----
  18    12.   20000.0  25399.4      0.0 1270.0    0.0   -100.0       0    4745.  -0.000 -0.001  0.000  10 10  1  0.001 10 10  2  31.92 1   0
  19    13.   20000.0  25380.0      0.0 1269.0    0.0   -100.0       0    4737.  -0.000 -0.000  0.000  10 10  1  0.002  9  9  3  26.10 1   0

WELL MODE SWITCH: t=15.49 d, well #1, loc=(10,10), KIP 1->-11, PWFC=    834.50 below producer limit PWF=   1000.00
  20    15.   39806.1  50434.7      0.0 1267.0    0.0   -100.0       0    4730.  -0.000  0.034  0.000  10 10  3  0.032  9  8  3  21.96 1   0
  21    18.   39682.9  53883.2      0.0 1357.8    0.0   -100.0       0    4720.  -0.000  0.040  0.000  10 10  3  0.038  8  9  3  21.04 1   0
  22    21.   38439.3  65336.3      0.0 1699.7    0.0   -100.0       0    4708.  -0.000  0.046  0.000  10 10  3  0.037 10 10  3  64.45 1   0
  23    23.   35412.3  76095.3      0.0 2148.8    0.0   -100.0       0    4699.  -0.000  0.025  0.000  10 10  3  0.016 10 10  3  65.24 1   0
  24    25.   31580.0  77819.3      0.0 2464.2    0.0   -100.0       0    4688.  -0.000  0.026  0.000  10 10  2  0.012 10 10  3  77.22 1   0
  25    28.   28568.6  80593.6      0.0 2821.1    0.0   -100.0       0    4674.  -0.000  0.028  0.000  10 10  1  0.015 10 10  3  94.80 1   0
  26    31.   26689.0  78615.4      0.0 2945.6    0.0   -100.0       0    4656.  -0.000  0.031  0.000  10 10  1  0.017 10 10  3  94.93 1   0
  27    35.   25977.7  73402.6      0.0 2825.6    0.0   -100.0       0    4634.  -0.000  0.032  0.000  10 10  1  0.016 10 10  2  79.11 1   0
  28    40.   26263.0  67252.5      0.0 2560.7    0.0   -100.0       0    4610.  -0.000  0.042  0.000  10 10  1  0.013 10 10  2  45.20 1   0
  29    45.   27188.5  61376.8      0.0 2257.5    0.0   -100.0       0    4583.  -0.000  0.051  0.000  10 10  1  0.012  8  8  3  37.51 1   0
  30    52.   27528.5  59108.9      0.0 2147.2    0.0   -100.0       0    4551.  -0.000  0.062  0.000  10 10  1  0.015 10  6  3  38.07 1   0
  31    60.   27197.3  58331.0      0.0 2144.7    0.0   -100.0       0    4513.  -0.000  0.073  0.000  10 10  1  0.017 10  5  3  41.28 1   0
  32    70.   26689.7  57413.6      0.0 2151.2    0.0   -100.0       0    4468.  -0.000  0.083  0.000  10 10  1  0.019  4 10  3  46.89 1   0
  33    80.   26063.2  57030.6      0.0 2188.2    0.0   -100.0       0    4423.  -0.000  0.085  0.000  10 10  2  0.019 10  1  3  47.25 1   0
  34    90.   25491.0  56451.1      0.0 2214.5    0.0   -100.0       0    4378.  -0.000  0.078  0.000  10 10  2  0.022  1 10  3  46.37 1   0
  35    90.   25127.3  57330.4      0.0 2281.6    0.0   -100.0       0    4378.  -0.000  0.001  0.000   9 10  1  0.000 10 10  3   0.67 1   0
                              *********************************************************************
                              *                                                                   *
                              *                                                                   *
                              *             SUMMARY REPORT: BOAST II (RELEASE 1.1)               *
                              *                                                                   *
                              *                                                                   *
                              *********************************************************************



 ELAPSED TIME (DAYS)         =     90.00   TIME STEP NUMBER             =    35      TIME STEP SIZE (DAYS)         =      0.12

 CURRENT AVG RES PRESSURE    =    4377.7   PREVIOUS AVG RES PRESSURE    =    4378.2  PRESSURE DPMAX(  1,  1,  1)   =       0.0
 OIL DSMAX(  1,  1,  1)      =   0.00000   GAS DSMAX(  1,  1,  1)       =   0.00000  WATER DSMAX(  1,  1,  1)      =   0.00000
 OIL MATERIAL BALANCE (%)    = -0.000001   GAS MATERIAL BALANCE (%)     =  0.000913  WATER MATERIAL BALANCE (%)    =  0.000000
 CUM. OIL MATERIAL BALANCE(%)= -0.000254   CUM. GAS MATERIAL BALANCE(%) =  0.744255  CUM. WATER MATERIAL BALANCE(%)=  0.000000

 OIL PRODUCTION RATE (STB/D) =   25127.3   CUM. OIL PRODUCTION (STB)    = 2.4338e+06
 GAS PRODUCTION RATE (MSCF/D)=   57330.4   CUM. GAS PRODUCTION (MSCF)   = 5.0891e+06
 WATER PRODUCTION RATE(STB/D)=       0.0
                                          CUM. WATER PRODUCTION (STB)  = 4.6209e-01

 GAS INJECTION RATE (MSCF/D) =    -100.0   CUM. GAS INJECTION (MSCF)    = -9.0000e+03
 WATER INJECTION RATE (STB/D)=       0.0   CUM. WATER INJECTION (STB)   = 0.0000e+00

 PRODUCING WOR (STB/STB)     =     0.000   CUM. WOR (STB/STB)           =     0.000
 PRODUCING GOR (SCF/STB)     =    2281.6   CUM. GOR (SCF/STB)           =       2.1




              ***** RESERVOIR PRESSURE DISTRIBUTION *****


 K =  1
          1       2       3       4       5       6       7       8       9      10  

   1     4542    4537    4529    4518    4505    4491    4477    4465    4456    4451
   2     4537    4533    4524    4512    4498    4483    4467    4454    4444    4438
   3     4529    4524    4514    4501    4484    4466    4448    4432    4419    4412
   4     4518    4512    4501    4485    4465    4442    4419    4398    4381    4372
   5     4505    4498    4484    4465    4440    4411    4381    4352    4328    4314
   6     4491    4483    4466    4442    4411    4374    4333    4292    4258    4236
   7     4477    4467    4448    4419    4381    4333    4279    4220    4167    4131
   8     4465    4454    4432    4398    4352    4292    4220    4138    4052    3984
   9     4456    4444    4419    4381    4328    4258    4167    4052    3914    3757
  10     4451    4438    4412    4372    4314    4236    4131    3984    3757    3331

 K =  2
          1       2       3       4       5       6       7       8       9      10  

   1     4548    4543    4535    4524    4511    4497    4483    4471    4462    4458
   2     4543    4539    4530    4519    4504    4489    4474    4460    4450    4445
   3     4535    4530    4521    4507    4491    4473    4454    4438    4426    4419
   4     4524    4519    4507    4491    4471    4449    4425    4404    4387    4378
   5     4511    4504    4491    4471    4446    4417    4387    4358    4334    4321
   6     4497    4489    4473    4449    4417    4380    4339    4299    4264    4243
   7     4483    4474    4454    4425    4387    4339    4285    4227    4173    4137
   8     4471    4460    4438    4404    4358    4299    4227    4144    4058    3990
   9     4462    4450    4426    4387    4334    4264    4173    4058    3920    3763
  10     4458    4445    4419    4378    4321    4243    4137    3990    3763    3332

 K =  3
          1       2       3       4       5       6       7       8       9      10  

   1     4558    4553    4545    4534    4521    4507    4493    4481    4472    4468
   2     4553    4549    4540    4529    4514    4499    4484    4470    4460    4455
   3     4545    4540    4531    4517    4501    4483    4464    4448    4436    4429
   4     4534    4529    4517    4501    4481    4459    4435    4414    4397    4388
   5     4521    4514    4501    4481    4456    4427    4397    4368    4344    4331
   6     4507    4499    4483    4459    4427    4390    4349    4309    4274    4253
   7     4493    4484    4464    4435    4397    4349    4295    4237    4183    4147
   8     4481    4470    4448    4414    4368    4309    4237    4154    4068    4000
   9     4472    4460    4436    4397    4344    4274    4183    4068    3930    3773
  10     4468    4455    4429    4388    4331    4253    4147    4000    3773    3335



              *********  OIL SATURATION  *********


 K =  1
          1       2       3       4       5       6       7       8       9      10  

   1    0.794   0.800   0.800   0.800   0.800   0.800   0.800   0.800   0.800   0.800
   2    0.800   0.800   0.800   0.800   0.800   0.800   0.800   0.800   0.800   0.800
   3    0.800   0.800   0.800   0.800   0.800   0.800   0.800   0.800   0.800   0.800
   4    0.800   0.800   0.800   0.800   0.800   0.800   0.800   0.800   0.800   0.800
   5    0.800   0.800   0.800   0.800   0.800   0.800   0.800   0.799   0.799   0.799
   6    0.800   0.800   0.800   0.800   0.800   0.800   0.799   0.799   0.799   0.799
   7    0.800   0.800   0.800   0.800   0.800   0.799   0.799   0.799   0.799   0.799
   8    0.800   0.800   0.800   0.800   0.799   0.799   0.799   0.799   0.799   0.794
   9    0.800   0.800   0.800   0.800   0.799   0.799   0.799   0.799   0.784   0.739
  10    0.800   0.800   0.800   0.800   0.799   0.799   0.799   0.794   0.739   0.628

 K =  2
          1       2       3       4       5       6       7       8       9      10  

   1    0.800   0.800   0.800   0.800   0.800   0.800   0.800   0.800   0.800   0.800
   2    0.800   0.800   0.800   0.800   0.800   0.800   0.800   0.800   0.800   0.800
   3    0.800   0.800   0.800   0.800   0.800   0.800   0.800   0.800   0.800   0.800
   4    0.800   0.800   0.800   0.800   0.800   0.800   0.800   0.800   0.800   0.800
   5    0.800   0.800   0.800   0.800   0.800   0.800   0.800   0.799   0.799   0.799
   6    0.800   0.800   0.800   0.800   0.800   0.800   0.799   0.799   0.799   0.799
   7    0.800   0.800   0.800   0.800   0.800   0.799   0.799   0.799   0.799   0.799
   8    0.800   0.800   0.800   0.800   0.799   0.799   0.799   0.799   0.799   0.797
   9    0.800   0.800   0.800   0.800   0.799   0.799   0.799   0.799   0.788   0.760
  10    0.800   0.800   0.800   0.800   0.799   0.799   0.799   0.797   0.760   0.628

 K =  3
          1       2       3       4       5       6       7       8       9      10  

   1    0.800   0.800   0.800   0.800   0.800   0.800   0.800   0.800   0.800   0.800
   2    0.800   0.800   0.800   0.800   0.800   0.800   0.800   0.800   0.800   0.800
   3    0.800   0.800   0.800   0.800   0.800   0.800   0.800   0.800   0.800   0.800
   4    0.800   0.800   0.800   0.800   0.800   0.800   0.800   0.800   0.800   0.800
   5    0.800   0.800   0.800   0.800   0.800   0.800   0.800   0.799   0.799   0.799
   6    0.800   0.800   0.800   0.800   0.800   0.800   0.799   0.799   0.799   0.799
   7    0.800   0.800   0.800   0.800   0.800   0.799   0.799   0.799   0.799   0.799
   8    0.800   0.800   0.800   0.800   0.799   0.799   0.799   0.799   0.799   0.797
   9    0.800   0.800   0.800   0.800   0.799   0.799   0.799   0.799   0.787   0.766
  10    0.800   0.800   0.800   0.800   0.799   0.799   0.799   0.797   0.766   0.673



              *********  WATER SATURATION  *********


 K =  1
          1       2       3       4       5       6       7       8       9      10  

   1    0.200   0.200   0.200   0.200   0.200   0.200   0.200   0.200   0.200   0.200
   2    0.200   0.200   0.200   0.200   0.200   0.200   0.200   0.200   0.200   0.200
   3    0.200   0.200   0.200   0.200   0.200   0.200   0.200   0.200   0.200   0.200
   4    0.200   0.200   0.200   0.200   0.200   0.200   0.200   0.200   0.200   0.200
   5    0.200   0.200   0.200   0.200   0.200   0.200   0.200   0.201   0.201   0.201
   6    0.200   0.200   0.200   0.200   0.200   0.200   0.201   0.201   0.201   0.201
   7    0.200   0.200   0.200   0.200   0.200   0.201   0.201   0.201   0.201   0.201
   8    0.200   0.200   0.200   0.200   0.201   0.201   0.201   0.201   0.201   0.201
   9    0.200   0.200   0.200   0.200   0.201   0.201   0.201   0.201   0.201   0.201
  10    0.200   0.200   0.200   0.200   0.201   0.201   0.201   0.201   0.201   0.202

 K =  2
          1       2       3       4       5       6       7       8       9      10  

   1    0.200   0.200   0.200   0.200   0.200   0.200   0.200   0.200   0.200   0.200
   2    0.200   0.200   0.200   0.200   0.200   0.200   0.200   0.200   0.200   0.200
   3    0.200   0.200   0.200   0.200   0.200   0.200   0.200   0.200   0.200   0.200
   4    0.200   0.200   0.200   0.200   0.200   0.200   0.200   0.200   0.200   0.200
   5    0.200   0.200   0.200   0.200   0.200   0.200   0.200   0.201   0.201   0.201
   6    0.200   0.200   0.200   0.200   0.200   0.200   0.201   0.201   0.201   0.201
   7    0.200   0.200   0.200   0.200   0.200   0.201   0.201   0.201   0.201   0.201
   8    0.200   0.200   0.200   0.200   0.201   0.201   0.201   0.201   0.201   0.201
   9    0.200   0.200   0.200   0.200   0.201   0.201   0.201   0.201   0.201   0.201
  10    0.200   0.200   0.200   0.200   0.201   0.201   0.201   0.201   0.201   0.202

 K =  3
          1       2       3       4       5       6       7       8       9      10  

   1    0.200   0.200   0.200   0.200   0.200   0.200   0.200   0.200   0.200   0.200
   2    0.200   0.200   0.200   0.200   0.200   0.200   0.200   0.200   0.200   0.200
   3    0.200   0.200   0.200   0.200   0.200   0.200   0.200   0.200   0.200   0.200
   4    0.200   0.200   0.200   0.200   0.200   0.200   0.200   0.200   0.200   0.200
   5    0.200   0.200   0.200   0.200   0.200   0.200   0.200   0.201   0.201   0.201
   6    0.200   0.200   0.200   0.200   0.200   0.200   0.201   0.201   0.201   0.201
   7    0.200   0.200   0.200   0.200   0.200   0.201   0.201   0.201   0.201   0.201
   8    0.200   0.200   0.200   0.200   0.201   0.201   0.201   0.201   0.201   0.201
   9    0.200   0.200   0.200   0.200   0.201   0.201   0.201   0.201   0.201   0.201
  10    0.200   0.200   0.200   0.200   0.201   0.201   0.201   0.201   0.201   0.202



   *************************************************  END OF SUMMARY REPORT  *************************************************






                                                      *****************************
                                                      *   TIME   STEP   SUMMARY   *
                                                      *****************************

 TIME STEP               PRODUCTION                     INJECTION     PV WT   MATERIAL  BALANCES  MAX SATN CHANGE MAX PRES CHANGE  ITN 
 ---------  ---------------------------------------- ----------------   AVG   -------------------- --------------- --------------- -----
               OIL     GAS     WATER    GOR   WATER    GAS     WATER   RES     OIL    GAS   WATER  I  J  K  DSMAX  I  J  K  DPMAX O   I
                                        SCF/   /OIL                    PRES     %      %      %
  NO. DAYS    STB/D  MSCF/D    STB/D    STB   RATIO  MSCF/D    STB/D   PSIA
 ---- ---- --------  -------  ------- ------  ----- -------- ------- ------  ------ ------ ------ -- -- -- ------ -- -- -- ------ -----
  36    90.   25103.8  57375.0      0.0 2285.5    0.0   -100.0       0    4377.  -0.000  0.001  0.000  10  9  1  0.000  9 10  2   0.69 1   0
  37    90.   25079.5  57418.4      0.0 2289.5    0.0   -100.0       0    4376.  -0.000  0.001  0.000   9 10  1  0.000  9 10  3   0.82 1   0
  38    91.   25051.6  57470.2      0.0 2294.1    0.0   -100.0       0    4375.  -0.000  0.002  0.000  10  9  1  0.000  1 10  1   0.94 1   0
  39    91.   25018.0  57527.1      0.0 2299.4    0.0   -100.0       0    4374.  -0.000  0.002  0.000   9 10  1  0.000  9  1  3   1.13 1   0
  40    91.   24977.7  57595.6      0.0 2305.9    0.0   -100.0       0    4373.  -0.000  0.002  0.000   9 10  1  0.000  9  1  1   1.35 1   0
  41    91.   24929.9  57673.1      0.0 2313.4    0.0   -100.0       0    4372.  -0.000  0.003  0.000   9 10  1  0.000  1  9  3   1.62 1   0
  42    92.   24872.6  57760.5      0.0 2322.3    0.0   -100.0       0    4370.  -0.000  0.003  0.000   9 10  1  0.001  1 10  3   1.94 1   0
  43    92.   24803.4  57855.5      0.0 2332.6    0.0   -100.0       0    4368.  -0.000  0.004  0.000   9 10  1  0.001 10  1  3   2.32 1   0
  44    93.   24721.0  57959.6      0.0 2344.6    0.0   -100.0       0    4365.  -0.000  0.005  0.000   9 10  1  0.001  1  9  3   2.78 1   0
  45    94.   24624.4  58068.4      0.0 2358.2    0.0   -100.0       0    4362.  -0.000  0.006  0.000   9 10  1  0.001  1  8  3   3.33 1   0
  46    94.   24512.5  58176.9      0.0 2373.4    0.0   -100.0       0    4358.  -0.000  0.007  0.000   9 10  1  0.001 10 10  3   4.03 1   0
  47    96.   24384.4  58277.5      0.0 2389.9    0.0   -100.0       0    4354.  -0.000  0.008  0.000  10  9  1  0.001 10 10  3   4.88 1   0
  48    97.   24239.4  58359.6      0.0 2407.6    0.0   -100.0       0    4348.  -0.000  0.010  0.000   9 10  1  0.001 10 10  3   5.90 1   0
  49    98.   24078.2  58408.7      0.0 2425.8    0.0   -100.0       0    4342.  -0.000  0.012  0.000   9 10  1  0.002 10 10  3   7.05 1   0
  50   100.   23902.5  58408.8      0.0 2443.6    0.0   -100.0       0    4334.  -0.000  0.014  0.000   9 10  1  0.002 10 10  3   8.30 1   0
  51   102.   23715.5  58341.7      0.0 2460.1    0.0   -100.0       0    4324.  -0.000  0.016  0.000   9 10  1  0.002  1  2  3   9.91 1   0
  52   105.   23520.7  58191.7      0.0 2474.1    0.0   -100.0       0    4313.  -0.000  0.019  0.000  10  9  1  0.003  1  1  3  11.88 1   0
  53   108.   23322.0  57946.8      0.0 2484.6    0.0   -100.0       0    4300.  -0.000  0.022  0.000   9 10  1  0.003  1  2  3  14.15 1   0
  54   112.   23123.2  57603.7      0.0 2491.2    0.0   -100.0       0    4285.  -0.000  0.027  0.000   9 10  1  0.003  1  1  3  16.87 1   0
  55   116.   22925.0  57162.2      0.0 2493.4    0.0   -100.0       0    4266.   0.000  0.032  0.000   9 10  1  0.004  1  1  3  20.14 1   0
  56   121.   22720.4  56635.8      0.0 2492.7    0.0   -100.0       0    4244.   0.000  0.038  0.000   9  9  1  0.005  1  1  3  23.87 1   0
  57   128.   22493.8  56050.6      0.0 2491.8    0.0   -100.0       0    4218.  -0.000  0.042  0.000   9  9  1  0.007  1  1  3  28.29 1   0
  58   136.   22230.7  55440.9      0.0 2493.9    0.0   -100.0       0    4188.  -0.000  0.051  0.000   9  9  1  0.008  1  1  3  33.41 1   0
  59   145.   21922.1  54798.3      0.0 2499.7    0.0   -100.0       0    4153.  -0.000  0.059  0.000   9  9  1  0.010  1  1  3  39.04 1   0
  60   155.   21581.9  54139.8      0.0 2508.6    0.0   -100.0       0    4118.  -0.000  0.062  0.000   9  9  1  0.010  1  1  3  40.79 1   0
  61   165.   21268.5  53464.8      0.0 2513.8    0.0   -100.0       0    4084.  -0.000  0.059  0.000  10  8  1  0.012  1  1  3  39.16 1   0
  62   175.   20970.6  52874.3      0.0 2521.4    0.0   -100.0       0    4053.  -0.000  0.059  0.000  10  8  1  0.011  1  1  3  37.22 1   0
  63   180.   20698.9  52904.0      0.0 2555.9    0.0   -100.0       0    4039.  -0.000  0.031  0.000  10  8  1  0.005  1  1  3  18.55 1   0
                              *********************************************************************
                              *                                                                   *
                              *                                                                   *
                              *             SUMMARY REPORT: BOAST II (RELEASE 1.1)               *
                              *                                                                   *
                              *                                                                   *
                              *********************************************************************



 ELAPSED TIME (DAYS)         =    180.00   TIME STEP NUMBER             =    63      TIME STEP SIZE (DAYS)         =      5.13

 CURRENT AVG RES PRESSURE    =    4038.6   PREVIOUS AVG RES PRESSURE    =    4053.4  PRESSURE DPMAX(  1,  1,  1)   =       0.0
 OIL DSMAX(  1,  1,  1)      =   0.00000   GAS DSMAX(  1,  1,  1)       =   0.00000  WATER DSMAX(  1,  1,  1)      =   0.00000
 OIL MATERIAL BALANCE (%)    = -0.000001   GAS MATERIAL BALANCE (%)     =  0.030857  WATER MATERIAL BALANCE (%)    =  0.000000
 CUM. OIL MATERIAL BALANCE(%)= -0.000375   CUM. GAS MATERIAL BALANCE(%) =  1.362517  CUM. WATER MATERIAL BALANCE(%)=  0.000000

 OIL PRODUCTION RATE (STB/D) =   20698.9   CUM. OIL PRODUCTION (STB)    = 4.4377e+06
 GAS PRODUCTION RATE (MSCF/D)=   52904.0   CUM. GAS PRODUCTION (MSCF)   = 1.0076e+07
 WATER PRODUCTION RATE(STB/D)=       0.0
                                          CUM. WATER PRODUCTION (STB)  = 8.9189e-01

 GAS INJECTION RATE (MSCF/D) =    -100.0   CUM. GAS INJECTION (MSCF)    = -1.8000e+04
 WATER INJECTION RATE (STB/D)=       0.0   CUM. WATER INJECTION (STB)   = 0.0000e+00

 PRODUCING WOR (STB/STB)     =     0.000   CUM. WOR (STB/STB)           =     0.000
 PRODUCING GOR (SCF/STB)     =    2555.9   CUM. GOR (SCF/STB)           =       2.3




              ***** RESERVOIR PRESSURE DISTRIBUTION *****


 K =  1
          1       2       3       4       5       6       7       8       9      10  

   1     4163    4159    4152    4144    4134    4123    4113    4104    4097    4093
   2     4159    4155    4149    4140    4129    4117    4106    4096    4089    4085
   3     4152    4149    4141    4131    4119    4106    4092    4081    4072    4067
   4     4144    4140    4131    4120    4105    4089    4072    4057    4046    4039
   5     4134    4129    4119    4105    4087    4067    4046    4027    4010    4001
   6     4123    4117    4106    4089    4067    4042    4015    3988    3963    3947
   7     4113    4106    4092    4072    4046    4015    3978    3934    3889    3857
   8     4104    4096    4081    4057    4027    3988    3934    3862    3777    3708
   9     4097    4089    4072    4046    4010    3963    3889    3777    3626    3473
  10     4093    4085    4067    4039    4001    3947    3857    3708    3473    3070

 K =  2
          1       2       3       4       5       6       7       8       9      10  

   1     4169    4165    4159    4150    4140    4129    4119    4110    4103    4100
   2     4165    4161    4155    4146    4135    4124    4112    4102    4095    4091
   3     4159    4155    4148    4138    4125    4112    4099    4087    4078    4073
   4     4150    4146    4138    4126    4111    4095    4079    4064    4052    4046
   5     4140    4135    4125    4111    4094    4074    4053    4033    4016    4007
   6     4129    4124    4112    4095    4074    4048    4021    3995    3969    3953
   7     4119    4112    4099    4079    4053    4021    3985    3941    3895    3863
   8     4110    4102    4087    4064    4033    3995    3941    3868    3783    3714
   9     4103    4095    4078    4052    4016    3969    3895    3783    3632    3479
  10     4100    4091    4073    4046    4007    3953    3863    3714    3479    3071

 K =  3
          1       2       3       4       5       6       7       8       9      10  

   1     4179    4175    4169    4160    4150    4139    4129    4120    4113    4110
   2     4175    4171    4165    4156    4145    4134    4122    4112    4105    4101
   3     4169    4165    4158    4148    4135    4122    4109    4097    4088    4083
   4     4160    4156    4148    4136    4121    4105    4089    4074    4062    4055
   5     4150    4145    4135    4121    4104    4084    4063    4043    4026    4017
   6     4139    4134    4122    4105    4084    4058    4031    4005    3979    3963
   7     4129    4122    4109    4089    4063    4031    3995    3951    3905    3873
   8     4120    4112    4097    4074    4043    4005    3951    3878    3793    3724
   9     4113    4105    4088    4062    4026    3979    3905    3793    3642    3489
  10     4110    4101    4083    4055    4017    3963    3873    3724    3489    3072



              *********  OIL SATURATION  *********


 K =  1
          1       2       3       4       5       6       7       8       9      10  

   1    0.786   0.799   0.799   0.799   0.799   0.799   0.799   0.799   0.799   0.799
   2    0.799   0.799   0.799   0.799   0.799   0.799   0.799   0.799   0.799   0.799
   3    0.799   0.799   0.799   0.799   0.799   0.799   0.799   0.799   0.799   0.799
   4    0.799   0.799   0.799   0.799   0.799   0.799   0.799   0.799   0.799   0.799
   5    0.799   0.799   0.799   0.799   0.799   0.799   0.799   0.799   0.799   0.797
   6    0.799   0.799   0.799   0.799   0.799   0.799   0.799   0.797   0.793   0.790
   7    0.799   0.799   0.799   0.799   0.799   0.799   0.794   0.789   0.781   0.776
   8    0.799   0.799   0.799   0.799   0.799   0.797   0.789   0.777   0.754   0.724
   9    0.799   0.799   0.799   0.799   0.799   0.793   0.781   0.754   0.708   0.674
  10    0.799   0.799   0.799   0.799   0.797   0.790   0.776   0.724   0.674   0.597

 K =  2
          1       2       3       4       5       6       7       8       9      10  

   1    0.799   0.799   0.799   0.799   0.799   0.799   0.799   0.799   0.799   0.799
   2    0.799   0.799   0.799   0.799   0.799   0.799   0.799   0.799   0.799   0.799
   3    0.799   0.799   0.799   0.799   0.799   0.799   0.799   0.799   0.799   0.799
   4    0.799   0.799   0.799   0.799   0.799   0.799   0.799   0.799   0.799   0.799
   5    0.799   0.799   0.799   0.799   0.799   0.799   0.799   0.799   0.799   0.799
   6    0.799   0.799   0.799   0.799   0.799   0.799   0.799   0.797   0.794   0.791
   7    0.799   0.799   0.799   0.799   0.799   0.799   0.796   0.790   0.783   0.779
   8    0.799   0.799   0.799   0.799   0.799   0.797   0.790   0.779   0.767   0.760
   9    0.799   0.799   0.799   0.799   0.799   0.794   0.783   0.767   0.758   0.754
  10    0.799   0.799   0.799   0.799   0.799   0.791   0.779   0.760   0.754   0.597

 K =  3
          1       2       3       4       5       6       7       8       9      10  

   1    0.799   0.799   0.799   0.799   0.799   0.799   0.799   0.799   0.799   0.799
   2    0.799   0.799   0.799   0.799   0.799   0.799   0.799   0.799   0.799   0.799
   3    0.799   0.799   0.799   0.799   0.799   0.799   0.799   0.799   0.799   0.799
   4    0.799   0.799   0.799   0.799   0.799   0.799   0.799   0.799   0.799   0.799
   5    0.799   0.799   0.799   0.799   0.799   0.799   0.799   0.799   0.799   0.799
   6    0.799   0.799   0.799   0.799   0.799   0.799   0.799   0.798   0.795   0.793
   7    0.799   0.799   0.799   0.799   0.799   0.799   0.797   0.791   0.785   0.779
   8    0.799   0.799   0.799   0.799   0.799   0.798   0.791   0.781   0.771   0.769
   9    0.799   0.799   0.799   0.799   0.799   0.795   0.785   0.771   0.768   0.766
  10    0.799   0.799   0.799   0.799   0.799   0.793   0.779   0.769   0.766   0.663



              *********  WATER SATURATION  *********


 K =  1
          1       2       3       4       5       6       7       8       9      10  

   1    0.201   0.201   0.201   0.201   0.201   0.201   0.201   0.201   0.201   0.201
   2    0.201   0.201   0.201   0.201   0.201   0.201   0.201   0.201   0.201   0.201
   3    0.201   0.201   0.201   0.201   0.201   0.201   0.201   0.201   0.201   0.201
   4    0.201   0.201   0.201   0.201   0.201   0.201   0.201   0.201   0.201   0.201
   5    0.201   0.201   0.201   0.201   0.201   0.201   0.201   0.201   0.201   0.201
   6    0.201   0.201   0.201   0.201   0.201   0.201   0.201   0.201   0.201   0.201
   7    0.201   0.201   0.201   0.201   0.201   0.201   0.201   0.201   0.201   0.201
   8    0.201   0.201   0.201   0.201   0.201   0.201   0.201   0.201   0.201   0.201
   9    0.201   0.201   0.201   0.201   0.201   0.201   0.201   0.201   0.201   0.202
  10    0.201   0.201   0.201   0.201   0.201   0.201   0.201   0.201   0.202   0.202

 K =  2
          1       2       3       4       5       6       7       8       9      10  

   1    0.201   0.201   0.201   0.201   0.201   0.201   0.201   0.201   0.201   0.201
   2    0.201   0.201   0.201   0.201   0.201   0.201   0.201   0.201   0.201   0.201
   3    0.201   0.201   0.201   0.201   0.201   0.201   0.201   0.201   0.201   0.201
   4    0.201   0.201   0.201   0.201   0.201   0.201   0.201   0.201   0.201   0.201
   5    0.201   0.201   0.201   0.201   0.201   0.201   0.201   0.201   0.201   0.201
   6    0.201   0.201   0.201   0.201   0.201   0.201   0.201   0.201   0.201   0.201
   7    0.201   0.201   0.201   0.201   0.201   0.201   0.201   0.201   0.201   0.201
   8    0.201   0.201   0.201   0.201   0.201   0.201   0.201   0.201   0.201   0.201
   9    0.201   0.201   0.201   0.201   0.201   0.201   0.201   0.201   0.201   0.202
  10    0.201   0.201   0.201   0.201   0.201   0.201   0.201   0.201   0.202   0.202

 K =  3
          1       2       3       4       5       6       7       8       9      10  

   1    0.201   0.201   0.201   0.201   0.201   0.201   0.201   0.201   0.201   0.201
   2    0.201   0.201   0.201   0.201   0.201   0.201   0.201   0.201   0.201   0.201
   3    0.201   0.201   0.201   0.201   0.201   0.201   0.201   0.201   0.201   0.201
   4    0.201   0.201   0.201   0.201   0.201   0.201   0.201   0.201   0.201   0.201
   5    0.201   0.201   0.201   0.201   0.201   0.201   0.201   0.201   0.201   0.201
   6    0.201   0.201   0.201   0.201   0.201   0.201   0.201   0.201   0.201   0.201
   7    0.201   0.201   0.201   0.201   0.201   0.201   0.201   0.201   0.201   0.201
   8    0.201   0.201   0.201   0.201   0.201   0.201   0.201   0.201   0.201   0.201
   9    0.201   0.201   0.201   0.201   0.201   0.201   0.201   0.201   0.201   0.202
  10    0.201   0.201   0.201   0.201   0.201   0.201   0.201   0.201   0.202   0.202



   *************************************************  END OF SUMMARY REPORT  *************************************************






                                                      *****************************
                                                      *   TIME   STEP   SUMMARY   *
                                                      *****************************

 TIME STEP               PRODUCTION                     INJECTION     PV WT   MATERIAL  BALANCES  MAX SATN CHANGE MAX PRES CHANGE  ITN 
 ---------  ---------------------------------------- ----------------   AVG   -------------------- --------------- --------------- -----
               OIL     GAS     WATER    GOR   WATER    GAS     WATER   RES     OIL    GAS   WATER  I  J  K  DSMAX  I  J  K  DPMAX O   I
                                        SCF/   /OIL                    PRES     %      %      %
  NO. DAYS    STB/D  MSCF/D    STB/D    STB   RATIO  MSCF/D    STB/D   PSIA
 ---- ---- --------  -------  ------- ------  ----- -------- ------- ------  ------ ------ ------ -- -- -- ------ -- -- -- ------ -----
  64   186.   20523.6  52656.1      0.0 2565.6    0.0   -100.0       0    4022.  -0.000  0.035  0.000   8  9  1  0.006  1  1  3  21.26 1   0
  65   194.   20332.8  52388.1      0.0 2576.5    0.0   -100.0       0    4003.  -0.000  0.041  0.000   9  8  1  0.007  1  1  3  23.99 1   0
  66   202.   20070.6  52209.5      0.0 2601.3    0.0   -100.0       0    3982.   0.000  0.048  0.000   8  9  1  0.008  1  1  3  26.49 1   0
  67   212.   19712.4  52165.6      0.0 2646.3    0.0   -100.0       0    3962.   0.000  0.051  0.000   8  9  1  0.009  1  1  3  26.48 1   0
  68   222.   19345.9  52114.4      0.0 2693.8    0.0   -100.0       0    3946.   0.000  0.045  0.000   7 10  1  0.009  1  1  3  22.55 1   0
  69   232.   19059.4  51759.0      0.0 2715.7    0.0   -100.0       0    3932.   0.000  0.047  0.000   7 10  1  0.010  9  8  1  19.47 1   0
  70   242.   18858.6  51300.0      0.0 2720.2    0.0   -100.0       0    3921.   0.000  0.050  0.000  10  7  1  0.009  8  8  2  18.34 1   0
  71   252.   18636.0  51069.4      0.0 2740.4    0.0   -100.0       0    3911.   0.000  0.051  0.000   9  7  1  0.009  8  8  1  17.44 1   0
  72   262.   18394.6  50966.2      0.0 2770.7    0.0   -100.0       0    3902.   0.000  0.051  0.000   9  7  1  0.008  7 10  1  16.48 1   0
  73   270.   18172.4  50999.3      0.0 2806.4    0.0   -100.0       0    3895.   0.000  0.039  0.000   7  8  1  0.006 10  7  1  12.12 1   0
                              *********************************************************************
                              *                                                                   *
                              *                                                                   *
                              *             SUMMARY REPORT: BOAST II (RELEASE 1.1)               *
                              *                                                                   *
                              *                                                                   *
                              *********************************************************************



 ELAPSED TIME (DAYS)         =    270.00   TIME STEP NUMBER             =    73      TIME STEP SIZE (DAYS)         =      7.60

 CURRENT AVG RES PRESSURE    =    3894.7   PREVIOUS AVG RES PRESSURE    =    3901.9  PRESSURE DPMAX(  1,  1,  1)   =       0.0
 OIL DSMAX(  1,  1,  1)      =   0.00000   GAS DSMAX(  1,  1,  1)       =   0.00000  WATER DSMAX(  1,  1,  1)      =   0.00000
 OIL MATERIAL BALANCE (%)    =  0.000000   GAS MATERIAL BALANCE (%)     =  0.038825  WATER MATERIAL BALANCE (%)    =  0.000000
 CUM. OIL MATERIAL BALANCE(%)= -0.000383   CUM. GAS MATERIAL BALANCE(%) =  1.851242  CUM. WATER MATERIAL BALANCE(%)=  0.000000

 OIL PRODUCTION RATE (STB/D) =   18172.4   CUM. OIL PRODUCTION (STB)    = 6.1702e+06
 GAS PRODUCTION RATE (MSCF/D)=   50999.3   CUM. GAS PRODUCTION (MSCF)   = 1.4731e+07
 WATER PRODUCTION RATE(STB/D)=       0.0
                                          CUM. WATER PRODUCTION (STB)  = 1.2865e+00

 GAS INJECTION RATE (MSCF/D) =    -100.0   CUM. GAS INJECTION (MSCF)    = -2.7000e+04
 WATER INJECTION RATE (STB/D)=       0.0   CUM. WATER INJECTION (STB)   = 0.0000e+00

 PRODUCING WOR (STB/STB)     =     0.000   CUM. WOR (STB/STB)           =     0.000
 PRODUCING GOR (SCF/STB)     =    2806.4   CUM. GOR (SCF/STB)           =       2.4




              ***** RESERVOIR PRESSURE DISTRIBUTION *****


 K =  1
          1       2       3       4       5       6       7       8       9      10  

   1     4000    3998    3995    3992    3988    3983    3978    3973    3970    3967
   2     3998    3996    3994    3990    3985    3979    3972    3966    3961    3959
   3     3995    3994    3990    3985    3978    3970    3960    3951    3944    3940
   4     3992    3990    3985    3978    3967    3955    3940    3927    3915    3909
   5     3988    3985    3978    3967    3952    3934    3912    3890    3871    3860
   6     3983    3979    3970    3955    3934    3906    3874    3839    3807    3788
   7     3978    3972    3960    3940    3912    3874    3825    3770    3717    3682
   8     3973    3966    3951    3927    3890    3839    3770    3686    3600    3533
   9     3970    3961    3944    3915    3871    3807    3717    3600    3456    3308
  10     3967    3959    3940    3909    3860    3788    3682    3533    3308    2926

 K =  2
          1       2       3       4       5       6       7       8       9      10  

   1     4006    4004    4002    3999    3995    3990    3985    3980    3976    3974
   2     4004    4003    4000    3996    3991    3985    3979    3973    3968    3965
   3     4002    4000    3997    3991    3984    3976    3966    3957    3950    3946
   4     3999    3996    3991    3984    3973    3961    3947    3933    3921    3915
   5     3995    3991    3984    3973    3959    3940    3918    3896    3878    3867
   6     3990    3985    3976    3961    3940    3913    3880    3845    3814    3794
   7     3985    3979    3966    3947    3918    3880    3832    3776    3723    3688
   8     3980    3973    3957    3933    3896    3845    3776    3693    3606    3539
   9     3976    3968    3950    3921    3878    3814    3723    3606    3463    3314
  10     3974    3965    3946    3915    3867    3794    3688    3539    3314    2927

 K =  3
          1       2       3       4       5       6       7       8       9      10  

   1     4016    4014    4012    4009    4005    4000    3994    3990    3986    3984
   2     4014    4013    4010    4006    4001    3995    3989    3982    3978    3975
   3     4012    4010    4007    4001    3994    3986    3976    3967    3960    3956
   4     4009    4006    4001    3994    3983    3971    3957    3943    3931    3925
   5     4005    4001    3994    3983    3969    3950    3928    3906    3888    3877
   6     4000    3995    3986    3971    3950    3923    3890    3855    3823    3804
   7     3994    3989    3976    3957    3928    3890    3842    3786    3733    3698
   8     3990    3982    3967    3943    3906    3855    3786    3703    3616    3549
   9     3986    3978    3960    3931    3888    3823    3733    3616    3473    3324
  10     3984    3975    3956    3925    3877    3804    3698    3549    3324    2928



              *********  OIL SATURATION  *********


 K =  1
          1       2       3       4       5       6       7       8       9      10  

   1    0.777   0.797   0.797   0.796   0.796   0.795   0.794   0.794   0.794   0.793
   2    0.797   0.797   0.797   0.796   0.796   0.794   0.794   0.793   0.792   0.792
   3    0.797   0.797   0.796   0.796   0.795   0.793   0.792   0.791   0.790   0.789
   4    0.796   0.796   0.796   0.795   0.793   0.791   0.790   0.788   0.785   0.785
   5    0.796   0.796   0.795   0.793   0.791   0.788   0.785   0.782   0.779   0.777
   6    0.795   0.794   0.793   0.791   0.788   0.784   0.779   0.774   0.765   0.756
   7    0.794   0.794   0.792   0.790   0.785   0.779   0.771   0.749   0.724   0.706
   8    0.794   0.793   0.791   0.788   0.782   0.774   0.749   0.714   0.685   0.666
   9    0.794   0.792   0.790   0.785   0.779   0.765   0.724   0.685   0.663   0.645
  10    0.793   0.792   0.789   0.785   0.777   0.756   0.706   0.666   0.645   0.575

 K =  2
          1       2       3       4       5       6       7       8       9      10  

   1    0.798   0.798   0.797   0.797   0.797   0.796   0.795   0.795   0.794   0.794
   2    0.798   0.798   0.797   0.797   0.796   0.795   0.794   0.794   0.793   0.793
   3    0.797   0.797   0.797   0.796   0.795   0.794   0.793   0.792   0.791   0.791
   4    0.797   0.797   0.796   0.795   0.794   0.793   0.790   0.788   0.787   0.786
   5    0.797   0.796   0.795   0.794   0.792   0.790   0.787   0.784   0.781   0.779
   6    0.796   0.795   0.794   0.793   0.790   0.786   0.781   0.777   0.772   0.771
   7    0.795   0.794   0.793   0.790   0.787   0.781   0.775   0.769   0.766   0.765
   8    0.795   0.794   0.792   0.788   0.784   0.777   0.769   0.766   0.764   0.763
   9    0.794   0.793   0.791   0.787   0.781   0.772   0.766   0.764   0.763   0.760
  10    0.794   0.793   0.791   0.786   0.779   0.771   0.765   0.763   0.760   0.579

 K =  3
          1       2       3       4       5       6       7       8       9      10  

   1    0.799   0.799   0.799   0.798   0.798   0.797   0.797   0.796   0.795   0.795
   2    0.799   0.799   0.799   0.798   0.797   0.797   0.796   0.795   0.795   0.794
   3    0.799   0.799   0.798   0.798   0.797   0.795   0.794   0.793   0.792   0.791
   4    0.798   0.798   0.798   0.796   0.795   0.793   0.792   0.790   0.788   0.787
   5    0.798   0.797   0.797   0.795   0.793   0.790   0.787   0.784   0.782   0.781
   6    0.797   0.797   0.795   0.793   0.790   0.787   0.783   0.777   0.775   0.774
   7    0.797   0.796   0.794   0.792   0.787   0.783   0.776   0.773   0.772   0.772
   8    0.796   0.795   0.793   0.790   0.784   0.777   0.773   0.772   0.772   0.771
   9    0.795   0.795   0.792   0.788   0.782   0.775   0.772   0.772   0.771   0.769
  10    0.795   0.794   0.791   0.787   0.781   0.774   0.772   0.771   0.769   0.654



              *********  WATER SATURATION  *********


 K =  1
          1       2       3       4       5       6       7       8       9      10  

   1    0.201   0.201   0.201   0.201   0.201   0.201   0.201   0.201   0.201   0.201
   2    0.201   0.201   0.201   0.201   0.201   0.201   0.201   0.201   0.201   0.201
   3    0.201   0.201   0.201   0.201   0.201   0.201   0.201   0.201   0.201   0.201
   4    0.201   0.201   0.201   0.201   0.201   0.201   0.201   0.201   0.201   0.201
   5    0.201   0.201   0.201   0.201   0.201   0.201   0.201   0.201   0.201   0.201
   6    0.201   0.201   0.201   0.201   0.201   0.201   0.201   0.201   0.201   0.201
   7    0.201   0.201   0.201   0.201   0.201   0.201   0.201   0.201   0.201   0.201
   8    0.201   0.201   0.201   0.201   0.201   0.201   0.201   0.201   0.201   0.202
   9    0.201   0.201   0.201   0.201   0.201   0.201   0.201   0.201   0.202   0.202
  10    0.201   0.201   0.201   0.201   0.201   0.201   0.201   0.202   0.202   0.202

 K =  2
          1       2       3       4       5       6       7       8       9      10  

   1    0.201   0.201   0.201   0.201   0.201   0.201   0.201   0.201   0.201   0.201
   2    0.201   0.201   0.201   0.201   0.201   0.201   0.201   0.201   0.201   0.201
   3    0.201   0.201   0.201   0.201   0.201   0.201   0.201   0.201   0.201   0.201
   4    0.201   0.201   0.201   0.201   0.201   0.201   0.201   0.201   0.201   0.201
   5    0.201   0.201   0.201   0.201   0.201   0.201   0.201   0.201   0.201   0.201
   6    0.201   0.201   0.201   0.201   0.201   0.201   0.201   0.201   0.201   0.201
   7    0.201   0.201   0.201   0.201   0.201   0.201   0.201   0.201   0.201   0.201
   8    0.201   0.201   0.201   0.201   0.201   0.201   0.201   0.201   0.201   0.202
   9    0.201   0.201   0.201   0.201   0.201   0.201   0.201   0.201   0.202   0.202
  10    0.201   0.201   0.201   0.201   0.201   0.201   0.201   0.202   0.202   0.202

 K =  3
          1       2       3       4       5       6       7       8       9      10  

   1    0.201   0.201   0.201   0.201   0.201   0.201   0.201   0.201   0.201   0.201
   2    0.201   0.201   0.201   0.201   0.201   0.201   0.201   0.201   0.201   0.201
   3    0.201   0.201   0.201   0.201   0.201   0.201   0.201   0.201   0.201   0.201
   4    0.201   0.201   0.201   0.201   0.201   0.201   0.201   0.201   0.201   0.201
   5    0.201   0.201   0.201   0.201   0.201   0.201   0.201   0.201   0.201   0.201
   6    0.201   0.201   0.201   0.201   0.201   0.201   0.201   0.201   0.201   0.201
   7    0.201   0.201   0.201   0.201   0.201   0.201   0.201   0.201   0.201   0.201
   8    0.201   0.201   0.201   0.201   0.201   0.201   0.201   0.201   0.201   0.202
   9    0.201   0.201   0.201   0.201   0.201   0.201   0.201   0.201   0.202   0.202
  10    0.201   0.201   0.201   0.201   0.201   0.201   0.201   0.202   0.202   0.202



   *************************************************  END OF SUMMARY REPORT  *************************************************






                                                      *****************************
                                                      *   TIME   STEP   SUMMARY   *
                                                      *****************************

 TIME STEP               PRODUCTION                     INJECTION     PV WT   MATERIAL  BALANCES  MAX SATN CHANGE MAX PRES CHANGE  ITN 
 ---------  ---------------------------------------- ----------------   AVG   -------------------- --------------- --------------- -----
               OIL     GAS     WATER    GOR   WATER    GAS     WATER   RES     OIL    GAS   WATER  I  J  K  DSMAX  I  J  K  DPMAX O   I
                                        SCF/   /OIL                    PRES     %      %      %
  NO. DAYS    STB/D  MSCF/D    STB/D    STB   RATIO  MSCF/D    STB/D   PSIA
 ---- ---- --------  -------  ------- ------  ----- -------- ------- ------  ------ ------ ------ -- -- -- ------ -- -- -- ------ -----
  74   279.   17943.0  50954.7      0.0 2839.8    0.0   -100.0       0    3886.   0.000  0.046  0.000   8  7  1  0.007 10  7  1  13.79 1   0
  75   289.   17809.7  50563.7      0.0 2839.1    0.0   -100.0       0    3877.   0.000  0.050  0.000   6 10  1  0.008 10  7  1  14.28 1   0
  76   299.   17669.1  50289.6      0.0 2846.2    0.0   -100.0       0    3868.   0.000  0.050  0.000  10  6  1  0.007  7  8  1  13.42 1   0
  77   300.   17573.4  50442.9      0.0 2870.4    0.0   -100.0       0    3867.   0.000  0.004  0.000   9  6  1  0.001  8  7  1   1.23 1   0
                              *********************************************************************
                              *                                                                   *
                              *                                                                   *
                              *             SUMMARY REPORT: BOAST II (RELEASE 1.1)               *
                              *                                                                   *
                              *                                                                   *
                              *********************************************************************



 ELAPSED TIME (DAYS)         =    300.00   TIME STEP NUMBER             =    77      TIME STEP SIZE (DAYS)         =      0.87

 CURRENT AVG RES PRESSURE    =    3867.0   PREVIOUS AVG RES PRESSURE    =    3867.8  PRESSURE DPMAX(  1,  1,  1)   =       0.0
 OIL DSMAX(  1,  1,  1)      =   0.00000   GAS DSMAX(  1,  1,  1)       =   0.00000  WATER DSMAX(  1,  1,  1)      =   0.00000
 OIL MATERIAL BALANCE (%)    =  0.000000   GAS MATERIAL BALANCE (%)     =  0.004392  WATER MATERIAL BALANCE (%)    =  0.000000
 CUM. OIL MATERIAL BALANCE(%)= -0.000384   CUM. GAS MATERIAL BALANCE(%) =  2.014789  CUM. WATER MATERIAL BALANCE(%)=  0.000000

 OIL PRODUCTION RATE (STB/D) =   17573.4   CUM. OIL PRODUCTION (STB)    = 6.7041e+06
 GAS PRODUCTION RATE (MSCF/D)=   50442.9   CUM. GAS PRODUCTION (MSCF)   = 1.6248e+07
 WATER PRODUCTION RATE(STB/D)=       0.0
                                          CUM. WATER PRODUCTION (STB)  = 1.4129e+00

 GAS INJECTION RATE (MSCF/D) =    -100.0   CUM. GAS INJECTION (MSCF)    = -3.0000e+04
 WATER INJECTION RATE (STB/D)=       0.0   CUM. WATER INJECTION (STB)   = 0.0000e+00

 PRODUCING WOR (STB/STB)     =     0.000   CUM. WOR (STB/STB)           =     0.000
 PRODUCING GOR (SCF/STB)     =    2870.4   CUM. GOR (SCF/STB)           =       2.4




              ***** RESERVOIR PRESSURE DISTRIBUTION *****


 K =  1
          1       2       3       4       5       6       7       8       9      10  

   1     3989    3986    3983    3977    3971    3964    3957    3950    3945    3942
   2     3986    3984    3980    3974    3967    3958    3950    3942    3936    3932
   3     3983    3980    3975    3967    3958    3947    3935    3924    3916    3911
   4     3977    3974    3967    3957    3944    3929    3912    3896    3883    3876
   5     3971    3967    3958    3944    3926    3905    3880    3856    3835    3823
   6     3964    3958    3947    3929    3905    3874    3838    3800    3767    3747
   7     3957    3950    3935    3912    3880    3838    3786    3728    3675    3640
   8     3950    3942    3924    3896    3856    3800    3728    3645    3559    3492
   9     3945    3936    3916    3883    3835    3767    3675    3559    3416    3269
  10     3942    3932    3911    3876    3823    3747    3640    3492    3269    2893

 K =  2
          1       2       3       4       5       6       7       8       9      10  

   1     3995    3993    3989    3984    3977    3970    3963    3956    3951    3949
   2     3993    3990    3986    3980    3973    3964    3956    3948    3942    3939
   3     3989    3986    3981    3973    3964    3953    3941    3931    3922    3917
   4     3984    3980    3973    3963    3951    3935    3919    3903    3890    3882
   5     3977    3973    3964    3951    3933    3911    3887    3862    3842    3830
   6     3970    3964    3953    3935    3911    3880    3844    3806    3773    3753
   7     3963    3956    3941    3919    3887    3844    3792    3735    3681    3646
   8     3956    3948    3931    3903    3862    3806    3735    3651    3565    3498
   9     3951    3942    3922    3890    3842    3773    3681    3565    3422    3275
  10     3949    3939    3917    3882    3830    3753    3646    3498    3275    2893

 K =  3
          1       2       3       4       5       6       7       8       9      10  

   1     4005    4003    3999    3994    3987    3980    3973    3966    3961    3959
   2     4003    4000    3996    3990    3983    3974    3966    3958    3952    3949
   3     3999    3996    3991    3983    3974    3963    3951    3941    3932    3927
   4     3994    3990    3983    3973    3960    3945    3929    3913    3900    3892
   5     3987    3983    3974    3960    3943    3921    3897    3872    3852    3840
   6     3980    3974    3963    3945    3921    3890    3854    3816    3783    3763
   7     3973    3966    3951    3929    3897    3854    3802    3745    3691    3656
   8     3966    3958    3941    3913    3872    3816    3745    3661    3575    3508
   9     3961    3952    3932    3900    3852    3783    3691    3575    3432    3285
  10     3959    3949    3927    3892    3840    3763    3656    3508    3285    2894



              *********  OIL SATURATION  *********


 K =  1
          1       2       3       4       5       6       7       8       9      10  

   1    0.773   0.796   0.795   0.794   0.794   0.793   0.792   0.791   0.790   0.789
   2    0.796   0.795   0.795   0.794   0.793   0.792   0.791   0.790   0.789   0.788
   3    0.795   0.795   0.794   0.793   0.792   0.790   0.788   0.787   0.786   0.785
   4    0.794   0.794   0.793   0.792   0.790   0.788   0.786   0.783   0.781   0.780
   5    0.794   0.793   0.792   0.790   0.787   0.784   0.780   0.777   0.773   0.769
   6    0.793   0.792   0.790   0.788   0.784   0.780   0.773   0.760   0.744   0.733
   7    0.792   0.791   0.788   0.786   0.780   0.773   0.755   0.727   0.705   0.688
   8    0.791   0.790   0.787   0.783   0.777   0.760   0.727   0.696   0.671   0.659
   9    0.790   0.789   0.786   0.781   0.773   0.744   0.705   0.671   0.656   0.639
  10    0.789   0.788   0.785   0.780   0.769   0.733   0.688   0.659   0.639   0.567

 K =  2
          1       2       3       4       5       6       7       8       9      10  

   1    0.797   0.796   0.796   0.795   0.794   0.793   0.793   0.791   0.791   0.791
   2    0.796   0.796   0.795   0.795   0.794   0.793   0.791   0.791   0.790   0.790
   3    0.796   0.795   0.795   0.794   0.793   0.791   0.790   0.788   0.787   0.787
   4    0.795   0.795   0.794   0.793   0.791   0.789   0.787   0.784   0.783   0.781
   5    0.794   0.794   0.793   0.791   0.789   0.786   0.782   0.779   0.776   0.775
   6    0.793   0.793   0.791   0.789   0.786   0.782   0.777   0.772   0.770   0.769
   7    0.793   0.791   0.790   0.787   0.782   0.777   0.771   0.768   0.767   0.767
   8    0.791   0.791   0.788   0.784   0.779   0.772   0.768   0.767   0.766   0.765
   9    0.791   0.790   0.787   0.783   0.776   0.770   0.767   0.766   0.765   0.762
  10    0.791   0.790   0.787   0.781   0.775   0.769   0.767   0.765   0.762   0.572

 K =  3
          1       2       3       4       5       6       7       8       9      10  

   1    0.798   0.797   0.797   0.796   0.796   0.795   0.794   0.793   0.792   0.792
   2    0.797   0.797   0.797   0.796   0.795   0.794   0.793   0.792   0.791   0.790
   3    0.797   0.797   0.796   0.795   0.794   0.792   0.791   0.789   0.788   0.787
   4    0.796   0.796   0.795   0.794   0.792   0.790   0.788   0.786   0.783   0.783
   5    0.796   0.795   0.794   0.792   0.789   0.786   0.783   0.779   0.777   0.776
   6    0.795   0.794   0.792   0.790   0.786   0.782   0.777   0.775   0.774   0.774
   7    0.794   0.793   0.791   0.788   0.783   0.777   0.774   0.773   0.773   0.773
   8    0.793   0.792   0.789   0.786   0.779   0.775   0.773   0.773   0.772   0.772
   9    0.792   0.791   0.788   0.783   0.777   0.774   0.773   0.772   0.772   0.770
  10    0.792   0.790   0.787   0.783   0.776   0.774   0.773   0.772   0.770   0.653



              *********  WATER SATURATION  *********


 K =  1
          1       2       3       4       5       6       7       8       9      10  

   1    0.201   0.201   0.201   0.201   0.201   0.201   0.201   0.201   0.201   0.201
   2    0.201   0.201   0.201   0.201   0.201   0.201   0.201   0.201   0.201   0.201
   3    0.201   0.201   0.201   0.201   0.201   0.201   0.201   0.201   0.201   0.201
   4    0.201   0.201   0.201   0.201   0.201   0.201   0.201   0.201   0.201   0.201
   5    0.201   0.201   0.201   0.201   0.201   0.201   0.201   0.201   0.201   0.201
   6    0.201   0.201   0.201   0.201   0.201   0.201   0.201   0.201   0.201   0.201
   7    0.201   0.201   0.201   0.201   0.201   0.201   0.201   0.201   0.201   0.201
   8    0.201   0.201   0.201   0.201   0.201   0.201   0.201   0.201   0.201   0.202
   9    0.201   0.201   0.201   0.201   0.201   0.201   0.201   0.201   0.202   0.202
  10    0.201   0.201   0.201   0.201   0.201   0.201   0.201   0.202   0.202   0.202

 K =  2
          1       2       3       4       5       6       7       8       9      10  

   1    0.201   0.201   0.201   0.201   0.201   0.201   0.201   0.201   0.201   0.201
   2    0.201   0.201   0.201   0.201   0.201   0.201   0.201   0.201   0.201   0.201
   3    0.201   0.201   0.201   0.201   0.201   0.201   0.201   0.201   0.201   0.201
   4    0.201   0.201   0.201   0.201   0.201   0.201   0.201   0.201   0.201   0.201
   5    0.201   0.201   0.201   0.201   0.201   0.201   0.201   0.201   0.201   0.201
   6    0.201   0.201   0.201   0.201   0.201   0.201   0.201   0.201   0.201   0.201
   7    0.201   0.201   0.201   0.201   0.201   0.201   0.201   0.201   0.201   0.201
   8    0.201   0.201   0.201   0.201   0.201   0.201   0.201   0.201   0.201   0.202
   9    0.201   0.201   0.201   0.201   0.201   0.201   0.201   0.201   0.202   0.202
  10    0.201   0.201   0.201   0.201   0.201   0.201   0.201   0.202   0.202   0.202

 K =  3
          1       2       3       4       5       6       7       8       9      10  

   1    0.201   0.201   0.201   0.201   0.201   0.201   0.201   0.201   0.201   0.201
   2    0.201   0.201   0.201   0.201   0.201   0.201   0.201   0.201   0.201   0.201
   3    0.201   0.201   0.201   0.201   0.201   0.201   0.201   0.201   0.201   0.201
   4    0.201   0.201   0.201   0.201   0.201   0.201   0.201   0.201   0.201   0.201
   5    0.201   0.201   0.201   0.201   0.201   0.201   0.201   0.201   0.201   0.201
   6    0.201   0.201   0.201   0.201   0.201   0.201   0.201   0.201   0.201   0.201
   7    0.201   0.201   0.201   0.201   0.201   0.201   0.201   0.201   0.201   0.201
   8    0.201   0.201   0.201   0.201   0.201   0.201   0.201   0.201   0.201   0.202
   9    0.201   0.201   0.201   0.201   0.201   0.201   0.201   0.201   0.202   0.202
  10    0.201   0.201   0.201   0.201   0.201   0.201   0.201   0.202   0.202   0.202



   *************************************************  END OF SUMMARY REPORT  *************************************************








   **************************************** BOAST II (RELEASE 1.1) SIMULATION TERMINATED ****************************************


